score,name,categories,cities,phone,website,rating,reviews,review_complaints,manual_on_site,hiring_on_site,already_digital,site_status,complaint_examples,address,maps,place_id
55,"שערים (אב-שער) בע""מ",gates_cameras,"אשדוד,אשקלון",076-802-0600,https://www.shearim.co.il/,4.7,154,1,whatsapp_contact,True,False,ok,"לצערי אכזבה גדולה
כמו כל חברה ישראלית בזמן ההתקנה הם רצים בשביל לקחת את הכסף אך לאחר מכן כאשר יש תקלות אין עם מי לדבר, במשך שבוע ימים התקשרתי ליעלת הפקידה , בגלל תקלה שהם לא הצליחו לפתור, כל פעם הבטיח","הסתת 19, חולון",https://maps.google.com/?cid=9685536770849105989&g_mp=Cidnb29nbGUubWFwcy5wbGFjZXMudjEuUGxhY2VzLlNlYXJjaFRleHQQAhgEIAA,ChIJq1ft3TRLHRURRehxfWDwaYY
55,"ג.חיון שיווק ואספקה בע""מ",gardening,אשדוד,08-866-2713,http://www.g-haun.com/,4.3,1753,1,whatsapp_contact,True,False,ok,"רכישת בריכה +משאבה +כאביזרים נלווים.
1. הבריכה שנרכשה היא של best way - המוצר מעולה ומומלץ , נמכר בכל מקום בארץ. 100/100
2. שירות במעמד קניה מעולה - היו הסברים מאוד מפורטים והדרכה ,המוכר היה סבלני ואד","SEVEN מתחם תחנת הדלק, כביש 3711, אמונים",https://maps.google.com/?cid=8596018994423925875&g_mp=Cidnb29nbGUubWFwcy5wbGFjZXMudjEuUGxhY2VzLlNlYXJjaFRleHQQAhgEIAA,ChIJUd5GCAiYAhURcwwmVbsxS3c
55,אייס סטאר סנטר אשדוד,gardening,אשדוד,08-622-5221,http://www.ace.co.il/,3.9,1525,3,,False,False,ok,"שירות ממש גרוע!
רכשתי שם ארון- לא להתקרב!
פשוט אין מענה בשפץ (מי שמספק להם את הארונות) יש בוט שעונה שמטרטר אותך ובסוף אומר לך הפניה נסגרה
פשוט חוויה לא נעימה || אם הייתה אופציה לא הייתי נותנת גם כוכב אחד הזמנו כיסא למשרד לא הגיע מעל חודש אין שירות לקוחות אף אחד לא עונה. לא לרכוש גם אם זה המקום האחרון בעולם שמוכר כיסא ושולחן תשבו על הרצפה עדיף || שירות גרוע להחריד.
ביצעת הזמנה, יספרו לך שיתקשרו אליך לבוא לאסוף.לא יקרה.
אל תטרח אתה להתקשר כי הם לא עונים בטלפון ימים שלמים.הבטיחו לנו אספקה עד 18 ימי עסקים.עברו כבר 23.רכישה אחרונה שלנו שם.
ביטלנו ","סטאר סנטר, ז'בוטינסקי 39, אשדוד",https://maps.google.com/?cid=15197883040045173296&g_mp=Cidnb29nbGUubWFwcy5wbGFjZXMudjEuUGxhY2VzLlNlYXJjaFRleHQQAhgEIAA,ChIJkedHdRGjAhURMIrTYxq66dI
50,הדברה זה מזיקיס (הדברה ירוקה) 💚הדברה [מדביר] בתל אביב,pest_control,"אשדוד,אשקלון,ראשון לציון",054-686-3486,https://mezikis.co.il/,4.9,345,1,,True,False,ok,"תמיד הזמנתי אותם ואף פעם לא חזרו לי המקקים עד הדירה האחרונה..
בדירה האחרונה דיברתי איתם עוד שיש לי אחריות שכנראה יש אזורים שלא עברו ריסוס כמו שצריך כי אני סובלת וכנראה יש מושבה של תיקנים כי היו לי תיק","פרץ סמולנסקין 13, חולון, 5841415",https://maps.google.com/?cid=7341006519171808217&g_mp=Cidnb29nbGUubWFwcy5wbGFjZXMudjEuUGxhY2VzLlNlYXJjaFRleHQQAhgEIAA,ChIJASXZN6S0AhUR2fsP7Yh-4GU
50,קומפ מאסטר,appliance_repair,אשדוד,073-224-1747,https://www.comp-master.co.il/,4.8,280,0,"whatsapp_contact,call_to_schedule",True,False,ok,,"לא לעלות ברמפה, מעבר בין בניין 6-8 - קומת חנויות, גיא אוני 6, אשדוד, 7764458",https://maps.google.com/?cid=17534217233928054000&g_mp=Cidnb29nbGUubWFwcy5wbGFjZXMudjEuUGxhY2VzLlNlYXJjaFRleHQQAhgEIAA,ChIJkedHdRGjAhUR8GTQiqwNVvM
50,רב בריח אשדוד סניף חדש,locksmith,אשדוד,08-621-5656,https://www.rav-bariach.co.il/%D7%90%D7%95%D7%9C%D7%9E%D7%95%D7%AA-%D7%AA%D7%A6%D7%95%D7%92%D7%94/,4,24,3,"whatsapp_contact,call_to_schedule",False,False,ok,"שירות גרוע ביותר, סיפקו את הדלתות באיחור וגם כשסיפרו לא הביאו ע""פ ההזמנה,
לא להזמין! || שירות גרוע ביותר.
רכשתי 6 דלתות פנים מרב בריח, ההתקנה היתה טובה אך לא ציפיתי שכל המנגנון סגירה יהרס תוך 3 חודשים. אי אפשר לתפוס את השירות לקוחות באשדוד, רדפתי אחרהם מעל 3 חודשים, נאווה לא חוזרת ולא מת || רכשנו דלתות – השירות בחנות היה מצוין ונתן תחושה שיש על מי לסמוך.
בפועל, אחרי הרכישה – חווינו שירות מאכזב מאוד. הדלתות לא סופקו או הותקנו כמו שצריך, אין מענה, ואין תחושת אחריות מצד החברה.
חבל, כי ההתחל","האורגים 2, אשדוד, 7760913",https://maps.google.com/?cid=13537241770905614333&g_mp=Cidnb29nbGUubWFwcy5wbGFjZXMudjEuUGxhY2VzLlNlYXJjaFRleHQQAhgEIAA,ChIJB9Nz6hCjAhUR_bdo0arx3bs
50,מושיקו הובלות | הובלת דירות | הובלת משרדים | הובלת משטחים | הובלות מהנמל | הובלות לעסקים,movers,"אשדוד,אשקלון",053-933-9079,http://moshikomoving.com/,5,447,0,"whatsapp_contact,call_to_schedule",True,False,ok,,"רב חיסדא 1, אשדוד",https://maps.google.com/?cid=11132106753245794114&g_mp=Cidnb29nbGUubWFwcy5wbGFjZXMudjEuUGxhY2VzLlNlYXJjaFRleHQQAhgEIAA,ChIJ54B-VBQiqU8RQk_xlBwwfZo
50,"ע.ר.ד הובלות דוד בע""מ",movers,אשדוד,1-700-071-075,http://www.hovalotdavid.co.il/,4.6,1683,2,pdf_form,False,False,ok,"שירות זוועה, המשלוח לא סופק מעל חודש ואין מענה מצד שירות הלקוחות לגבי סטטוס החבילה לאחר פנייה לחברה ממנה נרכש המוצר הם עדכנו על אובדן משלוח || אז קניתי לי טלוויזיה ב קיי.אס.פי
ולא היה לי שמץ של מושג איך המצב יגיע לזה שאני אכתוב ביקורת על חברת שליחויות.

קבעו לי משלוח מהיום למחר לאחר שחיכיתי 12 ימים למשלוח - בלי תיאום בלי כלום, כאילו זו עובדה","פארק תעשיות גזר, גרעין A, בניין A ת.ד. 185, גזר, 9978600",https://maps.google.com/?cid=15435832397634380250&g_mp=Cidnb29nbGUubWFwcy5wbGFjZXMudjEuUGxhY2VzLlNlYXJjaFRleHQQAhgEIAA,ChIJC0oXDxfKAhUR2qF2ecgXN9Y
50,אבי הדברות - הדברת מזיקים לבית,pest_control,ראשון לציון,050-763-5319,https://www.avi-hadbarot.com/,4.9,150,0,"whatsapp_contact,call_to_schedule",True,False,ok,,"לאה אימנו 12, לוד, 7135133",https://maps.google.com/?cid=7700421773183013633&g_mp=Cidnb29nbGUubWFwcy5wbGFjZXMudjEuUGxhY2VzLlNlYXJjaFRleHQQAhgEIAA,ChIJn-4AplOzAhURAdNB281k3Wo
48,המובילים בישראל - הובלות קטנות בזול✅ הובלת דירות✅ הובלת משרדים,movers,אשקלון,03-376-8863,https://www.moving-israel.co.il/,3.5,49,2,"whatsapp_contact,call_to_schedule",False,False,ok,"רצינו להוביל ספה, מאחר ובאתר שלהם הופיע שהם מתחייבים שיעטפו את הספה על מנת לשמור עליה ושיש ביטוח להובלה - בטחנו בהם.
כל המובילים שהגיעו אלינו מהאתר לקחו פי 2 מהמפורסם באתר, אבל חשבנו שזה כדאי כי יש בי || הזמנתי מוביל בשם אביחי לתאריך ה-01/09 בשעה 12:00 בצהריים, והזכרתי לו כפי שביקש, כמה ימים לפני ההובלה את התאריך, המקום והשעה של ההובלה, והוא אמר שהוא יגיע בתאריך שקבענו. ביום ההובלה הוא כתב לי הודעה שע","בן יהודה, תל אביב-יפו, 6334122",https://maps.google.com/?cid=2148553021348137877&g_mp=Cidnb29nbGUubWFwcy5wbGFjZXMudjEuUGxhY2VzLlNlYXJjaFRleHQQAhgEIAA,ChIJ04wgjndMHRURlUuM4pYx0R0
45,הדברה בטוחה,pest_control,"אשדוד,אשקלון,ראשון לציון",055-970-5878,https://adbarabetuha.co.il/,5,115,0,whatsapp_contact,True,False,ok,,"ברל כצנלסון 82, בת ים, 5950514",https://maps.google.com/?cid=341420228648333035&g_mp=Cidnb29nbGUubWFwcy5wbGFjZXMudjEuUGxhY2VzLlNlYXJjaFRleHQQAhgEIAA,ChIJp4ClFvezAhUR6263l-P3vAQ
45,איתור נזילות אינסטלטור מקור מים חיים,plumbing,"אשדוד,אשקלון",054-570-1558,http://makormh.co.il/,5,127,0,whatsapp_contact,True,False,ok,,"כינור 22, אשדוד, 7777316",https://maps.google.com/?cid=17961665666643241733&g_mp=Cidnb29nbGUubWFwcy5wbGFjZXMudjEuUGxhY2VzLlNlYXJjaFRleHQQAhgEIAA,ChIJre6jaX2ONW4RBauZQsKnRPk
45,"מוסך צמד אשדוד בע""מ",air_conditioning,אשדוד,08-856-3341,https://642be2e01dd9c.site123.me/,4.8,127,0,whatsapp_contact,True,False,ok,,"העמל 41, אשדוד",https://maps.google.com/?cid=4040587817529334849&g_mp=Cidnb29nbGUubWFwcy5wbGFjZXMudjEuUGxhY2VzLlNlYXJjaFRleHQQAhgEIAA,ChIJgzDRWEGjAhURQVybSzYNEzg
45,"עובד הדברה בע""מ",pest_control,אשקלון,08-623-4611,https://oved.org.il/,4.9,203,0,whatsapp_contact,True,False,ok,,"מנדלסון 18, באר שבע, 8435221",https://maps.google.com/?cid=10622230761842765921&g_mp=Cidnb29nbGUubWFwcy5wbGFjZXMudjEuUGxhY2VzLlNlYXJjaFRleHQQAhgEIAA,ChIJ27iN6tlnAhURYXDdUZm-aZM
45,אלקטרה מעליות,elevators,אשקלון,1-800-434-343,http://www.electra-elevators.co.il/,2.9,276,2,,False,False,ok,"לא להתקרב.. שומר נפשו ירחק!!
מעליות אלקטרה זה ביזיון אמיתי... נתקעות, לא עובדות,
נפתחות נסגרות עשרות פעמים, יום אחרי תיקון שוב מתקלקלות
והשירות? הכי גרוע שנתקלנו מעולם
בניין בן 20 קומות סובל מיום האיכ || שומר נפשו ירחק מאלקטרה מעליות!
באשר ברש 6 בהרצליה דלת המעלית נשברה בקומת הלובי.  לאחר שלא הצליחו לתקן הגיעו למסקנה שצריך דלת חדשה.
בינתיים ביטלו את המעלית בקומת הלובי.
מאז שהוזמנה דלת חדשה חלפו כבר חו","שדרות נים 2, ראשון לציון",https://maps.google.com/?cid=2266519753306140955&g_mp=Cidnb29nbGUubWFwcy5wbGFjZXMudjEuUGxhY2VzLlNlYXJjaFRleHQQAhgEIAA,ChIJvf8Dx6KzAhURG_E3BLVLdB8
45,חברת ניקיון -אקסטרא קלין פוליש,cleaning,אשקלון,050-535-8473,http://www.extra-clean.co.il/,4.6,187,0,whatsapp_contact,True,False,ok,,"התיבונים 27, תל אביב-יפו",https://maps.google.com/?cid=12870265783636937474&g_mp=Cidnb29nbGUubWFwcy5wbGFjZXMudjEuUGxhY2VzLlNlYXJjaFRleHQQAhgEIAA,ChIJTVqwq2BLHRURAkuLZopenLI
43,"דויטש ובניו הדברה בע""מ",pest_control,אשדוד,073-757-5947,https://doitchltd.co.il/,4.3,58,0,"whatsapp_contact,call_to_schedule",True,False,ok,,"מ""ג 62, קדימה צורן",https://maps.google.com/?cid=15460702007752720585&g_mp=Cidnb29nbGUubWFwcy5wbGFjZXMudjEuUGxhY2VzLlNlYXJjaFRleHQQAhgEIAA,ChIJJx2mqlA-HRURyQBFzo9yj9Y
43,איציק בן אבי שערים חשמליים,gates_cameras,אשדוד,054-756-2655,https://www.24shot.co.il/,5,32,0,"whatsapp_contact,call_to_schedule",True,False,ok,,"סחלב 3, יבנה",https://maps.google.com/?cid=4367697167706596440&g_mp=Cidnb29nbGUubWFwcy5wbGFjZXMudjEuUGxhY2VzLlNlYXJjaFRleHQQAhgEIAA,ChIJVc9A9IIMkKYRWKSh124tnTw
40,אמקור דודי שמש וחשמל מרכז,solar_boilers,אשדוד,03-550-0464,https://amcor-solar.co.il/,4.2,102,0,,True,False,ok,,"הפרדס 9, אזור",https://maps.google.com/?cid=15224347105383583208&g_mp=Cidnb29nbGUubWFwcy5wbGFjZXMudjEuUGxhY2VzLlNlYXJjaFRleHQQAhgEIAA,ChIJ7QXIpc-0AhUR6I2iwQe_R9M
40,אבי שערים אוטומטיים,gates_cameras,אשקלון,072-331-1501,https://avi-gates.co.il/,3.3,11,1,call_to_schedule,True,False,ok,ביצע תיקון החלפת כבל מתכת בשער חניה .נקב במחיר גבוה מאוד ולא סביר . הסכמתי לשלם מעט פחות ממה שביקש ונפרדנו . כעבור שבוע התקלה שהוא תיקן חזרה על עצמה אולם הוא סינן אותי . לבסוף קבענו שיגיע לטפל בתקלה ה,אושרת,https://maps.google.com/?cid=8370078624021106175&g_mp=Cidnb29nbGUubWFwcy5wbGFjZXMudjEuUGxhY2VzLlNlYXJjaFRleHQQAhgEIAA,ChIJiTRoNUTMHRUR_03edil-KHQ
40,נקי כמו חדש - חברת ניקיון,cleaning,אשקלון,053-352-5195,https://cleanew.co.il/,4.9,187,0,,True,False,ok,,"דפנה 5, תל אביב-יפו, 6492601",https://maps.google.com/?cid=1143196981093479341&g_mp=Cidnb29nbGUubWFwcy5wbGFjZXMudjEuUGxhY2VzLlNlYXJjaFRleHQQAhgEIAA,ChIJ2RD2VrxLHRURrTNg7phz3Q8
40,מזור הובלות,movers,אשקלון,054-596-1556,,3,10,3,,,,none,"לא להתקרב קובעים איתם שעה באים באיחור של שעה שעתיים אחרי גם בהובלה שברו לנו כמה ארוניות 🤦🤦 לקחנו גם הרכבה של ארון ומיטה הרכיבו את זה כמו זבל עקום מלא ברגים חסרים השאירו חלקים מהמיטה ומהארון כי לא ידעו || אפילו ציון אפס לא מגיע לו. קבע עם אמא שלי ביום שישי בבוקר ולא הגיע, לא התקשר ולא הודיע. אחרי אינספור טלפונים ואחרי שעתיים וחצי סוף סוף ענה ותירץ שיש לו בעיה במשאית ושהוא בודק ויחזור אלי. מאז לא שמעתי  || בחיים לא נפגעתי מבעל עסק ככה, הובלה ראשונה עם צוות של ודים, קבענו בשעה 7 בבוקר והגיעו ב11:30
בהובלה השנייה ביקשתי שיגיעו בזמן ובמקום זה לא הגיעו בכלל וגם לא ענו לטלפון, הייתי ארוזה לגמרי מוכנה למעבר ב","עמיעוז 8, אשקלון",https://maps.google.com/?cid=433292526588883545&g_mp=Cidnb29nbGUubWFwcy5wbGFjZXMudjEuUGxhY2VzLlNlYXJjaFRleHQQAhgEIAA,ChIJjx2zp-OcAhURWXIp20FdAwY
40,גור הדברות,pest_control,ראשון לציון,054-396-4646,https://www.gurhadbarot.com/?utm_source=google&utm_medium=organic&utm_campaign=gbp,5,735,1,call_to_schedule,False,False,ok,"הגענו בעקבות המלצה והיינו מאוד מרוצים.
זמין, מקצועי ונעים, ובעיקר, מאז הריסוס לא הגיעו אלינו ג׳וקים בכלל (ואנחנו גרים בדירת קרקע). מומלץ ביותר!","שמואל שרירא 15, ראשון לציון",https://maps.google.com/?cid=3154242657206761739&g_mp=Cidnb29nbGUubWFwcy5wbGFjZXMudjEuUGxhY2VzLlNlYXJjaFRleHQQAhgEIAA,ChIJv6Z3mLO1AhURC3kxHvwexis
38,שניר אבטחה ורפואה,gates_cameras,אשקלון,08-675-4777,http://snir-security.co.il/,5,62,0,whatsapp_contact,True,False,ok,,"צה""ל 99, אשקלון",https://maps.google.com/?cid=455611808237572975&g_mp=Cidnb29nbGUubWFwcy5wbGFjZXMudjEuUGxhY2VzLlNlYXJjaFRleHQQAhgEIAA,ChIJ9-eDyL-8AhURb1N5kYaoUgY
38,מפעל פח תעש,air_conditioning,אשקלון,073-225-5255,http://pachtaas.com/,4.6,36,0,pdf_form,True,False,ok,,"אזור התעשיה הדרומי, חוצות היוצר 17, אשקלון",https://maps.google.com/?cid=6039898083871876744&g_mp=Cidnb29nbGUubWFwcy5wbGFjZXMudjEuUGxhY2VzLlNlYXJjaFRleHQQAhgEIAA,ChIJISHWI9ycAhURiOa-eE4H0lM
38,"חזית ניהול אחזקה ושיפוץ מבנים בע""מ",cleaning,אשקלון,1-700-500-013,https://www.hazit2005.co.il/,3.7,85,0,whatsapp_contact,True,False,ok,,"בניין אביאל, צה""ל 99, קומה 3, אשקלון, 7859323",https://maps.google.com/?cid=1350507364622111517&g_mp=Cidnb29nbGUubWFwcy5wbGFjZXMudjEuUGxhY2VzLlNlYXJjaFRleHQQAhgEIAA,ChIJyV3WJXCcAhURHZPZ9kr3vRI
38,או.סי חברת ניקיון משרדים,cleaning,אשקלון,058-607-4040,https://www.oc-officecleaning.co.il/,5,44,0,whatsapp_contact,True,False,ok,,"מנחם בגין 152, תל אביב-יפו, 6492105",https://maps.google.com/?cid=17461911194825457339&g_mp=Cidnb29nbGUubWFwcy5wbGFjZXMudjEuUGxhY2VzLlNlYXJjaFRleHQQAhgEIAA,ChIJa_lI83lNHRURu_786rYrVfI
35,חברת ניקיון משרדים אשדוד- אמרלד,cleaning,אשדוד,052-815-0546,https://irservices.co.il/,5,19,0,"whatsapp_contact,call_to_schedule",True,False,ok,,"רוגוזין 4, אשדוד",https://maps.google.com/?cid=15842279532086368612&g_mp=Cidnb29nbGUubWFwcy5wbGFjZXMudjEuUGxhY2VzLlNlYXJjaFRleHQQAhgEIAA,ChIJ84GE30CjAhURZBlzZkwV29s
35,כתר פלסטיק אשדוד,gardening,אשדוד,08-853-5801,https://www.keter.com/he-il/,4.2,102,1,,False,False,ok,"אין סיכוי שאני קונה מהם שוב פעם.
חודש אחרי שקניתי ספסל איחסון מדגם ״עדן״ המושב נשבר.
חיכיתי חודשיים לחלק חדש ובכל פעם שאני מתקשר או הולך לחנות הם אומרים לי ״ הזמנו את החלק אבל יגיע מתי שיגיע״.
לפני שב","האורגים 19, אשדוד, 7760077",https://maps.google.com/?cid=9600527351023433356&g_mp=Cidnb29nbGUubWFwcy5wbGFjZXMudjEuUGxhY2VzLlNlYXJjaFRleHQQAhgEIAA,ChIJt2pfj2yjAhURjHYsjsLsO4U
35,ציוד חשמל,appliance_repair,אשקלון,073-220-8888,http://www.ziud.co.il/,4.5,441,1,,False,False,ok,"שירות ברמה גבוהה מאוד ומחירים מעולים
גיליתי אותם היום ואני ממליץ מאוד
מיכל הייתה סבלנית במיוחד אחרי שחיכיתי כמה דקות שתתפנה, הלכה איתי להביא מה שצריך אחרי שקצת שיגעתי אותה","הפנינים 31, אשקלון",https://maps.google.com/?cid=13039165917951309716&g_mp=Cidnb29nbGUubWFwcy5wbGFjZXMudjEuUGxhY2VzLlNlYXJjaFRleHQQAhgEIAA,ChIJMQVlFIubAhURlDfeYlFs9LQ
35,טכנאי מחשבים באשקלון עד הבית / עסק / משרד | תיקון מחשבים ניידים,appliance_repair,אשקלון,054-543-4004,http://www.c-s.co.il/,4.9,180,0,"whatsapp_contact,call_to_schedule",False,False,ok,,"כ""ט בנובמבר 4, אשקלון, 7864628",https://maps.google.com/?cid=10487779721501231857&g_mp=Cidnb29nbGUubWFwcy5wbGFjZXMudjEuUGxhY2VzLlNlYXJjaFRleHQQAhgEIAA,ChIJFbF-c5WdAhUR8UqgDhcUjJE
35,גיא מנעולים,locksmith,אשקלון,050-886-9898,https://thelocksmith.co.il/,5,301,0,"whatsapp_contact,call_to_schedule",False,False,ok,,"ארגמן 67, אשקלון",https://maps.google.com/?cid=3347646095084094202&g_mp=Cidnb29nbGUubWFwcy5wbGFjZXMudjEuUGxhY2VzLlNlYXJjaFRleHQQAhgEIAA,ChIJRVYf9EKdAhUR-gI2C2M6dS4
33,חשמל גליק,"appliance_repair,electrician",אשקלון,052-289-2465,http://hashmalglick.wixsite.com/hashmalglick,4.8,39,1,call_to_schedule,False,False,ok,"רוצה להמליץ בחום על בן אדם מקצועי ואמין הזמנו את חשמל גליק לאחר שנתקענו ביום שישי מאוחר בלילה ללא חשמל דן ענה בחיוב והגיע אלינו לטפל בתקלה ,סידר הכל בצורה מאוד מקצועית ומהירה המחיר היה הוגן למרות שזה ","עולי הגרדום 56, אשקלון, 7830086",https://maps.google.com/?cid=10066666746637448310&g_mp=Cidnb29nbGUubWFwcy5wbGFjZXMudjEuUGxhY2VzLlNlYXJjaFRleHQQAhgEIAA,ChIJu8dAX-KcAhURdvSPERL8s4s
30,ד.א הדברות,pest_control,אשדוד,050-256-0121,https://www.da-adbarot.com/,5,26,0,whatsapp_contact,True,False,ok,,אשדוד,https://maps.google.com/?cid=15695319399653844852&g_mp=Cidnb29nbGUubWFwcy5wbGFjZXMudjEuUGxhY2VzLlNlYXJjaFRleHQQAhgEIAA,ChIJc3QIgJujAhURdCeqLNb50Nk
30,אילנית הדברות | הדברה בתל אביב הדברת פשפשים טרמיטים נמלים ג'וקים לוכד חולדות ועכברים,pest_control,"אשדוד,אשקלון,ראשון לציון",053-538-1258,http://www.hadbarot.net/,5,354,0,call_to_schedule,False,False,ok,,"הארבעה 24, תל אביב-יפו, 6195001",https://maps.google.com/?cid=2500255480222165879&g_mp=Cidnb29nbGUubWFwcy5wbGFjZXMudjEuUGxhY2VzLlNlYXJjaFRleHQQAhgEIAA,ChIJB0duJTq1AhURd6tdwhyxsiI
30,אינסטלטור ביבנה ורחובות א.א אברהם - שירותי אינסטלציה בגובה,plumbing,אשדוד,054-564-3712,https://aa-plumber.co.il/,5,152,0,whatsapp_contact,False,False,ok,,"גלית 30, יבנה, 8150230",https://maps.google.com/?cid=14330721943757277920&g_mp=Cidnb29nbGUubWFwcy5wbGFjZXMudjEuUGxhY2VzLlNlYXJjaFRleHQQAhgEIAA,ChIJg5GlAYm6AhUR4EqMMK7z4MY
30,רשת בית המיזוג אשדוד - רפי את רפי,air_conditioning,אשדוד,08-853-2327,http://rafiandrafi.co.il/,4.6,100,0,whatsapp_contact,False,False,ok,,"העמל 40, אשדוד",https://maps.google.com/?cid=4127447889155034200&g_mp=Cidnb29nbGUubWFwcy5wbGFjZXMudjEuUGxhY2VzLlNlYXJjaFRleHQQAhgEIAA,ChIJQemd8ECjAhURWIwFrvyjRzk
30,רפי את רפי - רשת בית המיזוג - סניף בת ים,air_conditioning,"אשדוד,אשקלון",1599-537777,http://rafiandrafi.co.il/,4.6,187,0,whatsapp_contact,False,False,ok,,"החרושת 5, בת ים",https://maps.google.com/?cid=15396380496828775675&g_mp=Cidnb29nbGUubWFwcy5wbGFjZXMudjEuUGxhY2VzLlNlYXJjaFRleHQQAhgEIAA,ChIJH7DbCxOzAhUR-zw7BH3uqtU
30,מצבר העיר,air_conditioning,אשדוד,053-452-2222,https://mybattery.co.il/,4.8,417,0,whatsapp_contact,False,False,ok,,"האופים 1, אשדוד, 7760401",https://maps.google.com/?cid=16971009011358819910&g_mp=Cidnb29nbGUubWFwcy5wbGFjZXMudjEuUGxhY2VzLlNlYXJjaFRleHQQAhgEIAA,ChIJqVFOqUGjAhURRub-kccihes
30,הכל בו לגן,gardening,אשדוד,03-932-8580,https://www.kolbogan.co.il/,4.4,1857,0,whatsapp_contact,False,False,ok,,"חרמון 17, נחלים",https://maps.google.com/?cid=10070471942819516886&g_mp=Cidnb29nbGUubWFwcy5wbGFjZXMudjEuUGxhY2VzLlNlYXJjaFRleHQQAhgEIAA,ChIJ6XODwTE0HRUR1pFLWOCAwYs
30,יבגני הובלות,movers,אשדוד,055-661-9265,https://evgenymovings.co.il/,4.7,249,0,whatsapp_contact,False,False,ok,,"הדקל 7, אשדוד, 7762066",https://maps.google.com/?cid=15861258107217649355&g_mp=Cidnb29nbGUubWFwcy5wbGFjZXMudjEuUGxhY2VzLlNlYXJjaFRleHQQAhgEIAA,ChIJj3aOyfl9rykRyx5-QzaCHtw
30,דוקטור פוליש - חברת ניקיון בתים מספר 1 בישראל,cleaning,אשקלון,052-488-3550,https://www.cln.co.il/,4.7,259,0,whatsapp_contact,False,False,ok,,"וינגייט 23, תל אביב-יפו, 6706914",https://maps.google.com/?cid=22963202284386355&g_mp=Cidnb29nbGUubWFwcy5wbGFjZXMudjEuUGxhY2VzLlNlYXJjaFRleHQQAhgEIAA,ChIJA8LaS3JLHRURM_gQK-mUUQA
30,ליאור מוצרי חשמל - אשקלון,appliance_repair,אשקלון,08-672-4090,https://www.lior-electric.co.il/,4.6,146,0,whatsapp_contact,False,False,ok,,"אלי כהן 41, אשקלון, 7872112",https://maps.google.com/?cid=2352476038113372981&g_mp=Cidnb29nbGUubWFwcy5wbGFjZXMudjEuUGxhY2VzLlNlYXJjaFRleHQQAhgEIAA,ChIJra1XEmycAhURNatdIn6spSA
30,גל פז מחשבים ותקשורת,appliance_repair,אשקלון,050-746-2472,http://www.galpazcomputers.com/,5,432,0,whatsapp_contact,False,False,ok,,"הורדים, אשקלון, 7865138",https://maps.google.com/?cid=10514160603221716887&g_mp=Cidnb29nbGUubWFwcy5wbGFjZXMudjEuUGxhY2VzLlNlYXJjaFRleHQQAhgEIAA,ChIJYd3GEZKdAhURl-9vulzN6ZE
30,דניאל דון לוק אשקלון,locksmith,אשקלון,054-432-9411,http://www.donlock.co.il/,4.8,154,0,call_to_schedule,False,False,ok,,"שדרות האצ""ל 42, אשקלון, 7845823",https://maps.google.com/?cid=12320441231426479995&g_mp=Cidnb29nbGUubWFwcy5wbGFjZXMudjEuUGxhY2VzLlNlYXJjaFRleHQQAhgEIAA,ChIJO5pEFRicAhURe2dAAwYA-6o
28,אייטי - טק - AT - tec - איתור נזילות מים ושיקום צנרת ללא הרס,plumbing,אשדוד,053-212-1077,http://at-tec.co.il/,5,30,0,"whatsapp_contact,call_to_schedule",False,False,ok,,"אלקלעי 9, רחובות",https://maps.google.com/?cid=1139872726557835196&g_mp=Cidnb29nbGUubWFwcy5wbGFjZXMudjEuUGxhY2VzLlNlYXJjaFRleHQQAhgEIAA,ChIJix14L-u3AhURvL-imzSk0Q8
28,גרין ריהוט גן,gardening,אשדוד,08-993-3740,http://www.green-israel.co.il/,3.9,57,0,"pdf_form,whatsapp_contact",False,False,ok,,"א.ת. עד הלום, ברקת 10, אשדוד, 7776212",https://maps.google.com/?cid=1764933234447337819&g_mp=Cidnb29nbGUubWFwcy5wbGFjZXMudjEuUGxhY2VzLlNlYXJjaFRleHQQAhgEIAA,ChIJH8xbWnKiAhURW8mD-2xNfhg
28,כפיר פתרונות ומנעולים לרכב,locksmith,אשדוד,053-400-0870,http://www.kfirlock.co.il/,3.8,48,1,,,,unreachable,"מאוד התאכזבתי מהשירות ומהאיכות שסיפק כפיר. עד הרגע ששילמתי היה מצויין! כפיר הגיע למשרד שלי כמו שתיאמנו, בזריזות ובנחמדות רבה. הבעיה הייתה אחרי שהמפתח לרכב ששיכפלתי התפרק אחרי יומיים, פניתי אל כפיר שיג","החרוב 7, גן יבנה, 7080000",https://maps.google.com/?cid=7785839614208947810&g_mp=Cidnb29nbGUubWFwcy5wbGFjZXMudjEuUGxhY2VzLlNlYXJjaFRleHQQAhgEIAA,ChIJv9Qyr5O8AhURYrYWw-DbDGw
28,הובלות קטנות באשדוד מוריה הובלות קטנות,movers,אשדוד,054-202-8479,,4.5,30,1,,,,none,"הבריז לי ביום ההובלה.
סגרת איתו ולא דיבר איתי מאז, בבוקר ניסיתי ליצור עמו קשר לא ענה עד שכן שלח אליי אנשים מכל מיני קבוצות שלא קשורים אליו בכלל ורק מרוויח מהעברת ידיים, לא מומלץ!","רמב""ם 4, אשדוד, 7734203",https://maps.google.com/?cid=10405625748447650545&g_mp=Cidnb29nbGUubWFwcy5wbGFjZXMudjEuUGxhY2VzLlNlYXJjaFRleHQQAhgEIAA,ChIJAQAAQwmjAhUR8WLhoXw1aJA
28,סקיי-ליפט,elevators,אשקלון,08-936-7084,http://www.yam-group.co.il/,3,34,1,,False,False,ok,"שירות הכי גרוע שנתקלתי
זילזול בלקוחות
אין מענה לא מצד
בניין שלם ללא מעלית שבועות!!!
לא להתקרב","הרצל 5, אשקלון",https://maps.google.com/?cid=11131007788252648456&g_mp=Cidnb29nbGUubWFwcy5wbGFjZXMudjEuUGxhY2VzLlNlYXJjaFRleHQQAhgEIAA,ChIJv5bB_W-cAhURCNTn2ptIeZo
28,טכנאי מזגנים באשקלון יוסי,"air_conditioning,appliance_repair",אשקלון,072-336-1250,https://www.d.co.il/h-c26250-e0-p0-l0-city7100/,4.7,39,1,,False,False,ok,אחלה שירות הבחור פשוט מקצוען אמיתי קבענו שעה איחר בחצי שעה והתקשר לעדכן כמו שצריך הגיעו צוות של 2 אנשים תקתקו את העבודה השאירו את המקום נקי ומסודר כמה שניתן באמת טכנאי מזגנים מומלץ,"אלי כהן 30, אשקלון, 7830632",https://maps.google.com/?cid=110297131220346231&g_mp=Cidnb29nbGUubWFwcy5wbGFjZXMudjEuUGxhY2VzLlNlYXJjaFRleHQQAhgEIAA,ChIJS9XqtoqbAhURdyUiDqjahwE
28,חברת ניקיון מומלצת - ספידי קלין,cleaning,אשקלון,072-372-7808,https://www.speedyclean.co.il/,4.7,44,0,"whatsapp_contact,call_to_schedule",False,False,ok,,"דרך השלום 91, כניסה ג', תל אביב-יפו, 6794266",https://maps.google.com/?cid=8652074658635885271&g_mp=Cidnb29nbGUubWFwcy5wbGFjZXMudjEuUGxhY2VzLlNlYXJjaFRleHQQAhgEIAA,ChIJZRIfSgZLHRUR16omtg9YEng
28,צוק מנעולן באשקלון,locksmith,אשקלון,073-374-2430,https://lock-key.co.il/,5,32,0,"whatsapp_contact,call_to_schedule",False,False,ok,,"הדקל 70, תלמי יפה, 7912000",https://maps.google.com/?cid=12483134571725790732&g_mp=Cidnb29nbGUubWFwcy5wbGFjZXMudjEuUGxhY2VzLlNlYXJjaFRleHQQAhgEIAA,ChIJBwWlBNabAhURDB4dJ8EAPa0
28,אורטל הובלות,movers,אשקלון,053-702-0270,https://ortalmoving.com/,5,66,0,"whatsapp_contact,call_to_schedule",False,False,ok,,"דולפין, אשקלון, 7737388",https://maps.google.com/?cid=6625554969330984840&g_mp=Cidnb29nbGUubWFwcy5wbGFjZXMudjEuUGxhY2VzLlNlYXJjaFRleHQQAhgEIAA,ChIJU-PirQSdAhURiCfMEiSz8ls
28,אולג הובלות,movers,אשקלון,054-241-3935,https://oleg-hovalot.co.il/,4.7,82,1,,False,False,ok,"משתף את החוויה האישית שלי בלבד. במהלך הטיפול בארון שלי נשברה דלת המראה כשהארון היה אצל החברה. נאמר לי שיתקנו ויחזירו אותה, אך נכון להיום היא עדיין לא חזרה, ולאחר מספר פניות והבטחות לעדכון נאלצתי שוב ו","הצורף 27, אשקלון, 7878054",https://maps.google.com/?cid=9074927601979023694&g_mp=Cidnb29nbGUubWFwcy5wbGFjZXMudjEuUGxhY2VzLlNlYXJjaFRleHQQAhgEIAA,ChIJixTRW_WdAhURTuFYrpKe8H0
25,הדברות הארץ,pest_control,"אשדוד,אשקלון",055-970-5269,https://www.adbara.com/,5,180,0,,False,False,ok,,"אברהם קרן 45, כפר סבא, 44208",https://maps.google.com/?cid=1342676095363655886&g_mp=Cidnb29nbGUubWFwcy5wbGFjZXMudjEuUGxhY2VzLlNlYXJjaFRleHQQAhgEIAA,ChIJ8esqgJs5HRURziiPgMskohI
25,ארז שאול איתור נזילות אינסטלטור בתל אביב|כל שרותי האינסטלציה,plumbing,אשדוד,1-700-550-905,,5,749,0,,,,none,,"הרצל 5, אזור",https://maps.google.com/?cid=3132032020588366985&g_mp=Cidnb29nbGUubWFwcy5wbGFjZXMudjEuUGxhY2VzLlNlYXJjaFRleHQQAhgEIAA,ChIJMa8gD1FLHRURiYxRTIc2dys
25,עופר שערים אוטומטיים,gates_cameras,"אשדוד,אשקלון",073-200-2000,https://ofergates.com/,4.6,301,0,,False,False,ok,,"המלאכה 30, חולון",https://maps.google.com/?cid=18286939400555318339&g_mp=Cidnb29nbGUubWFwcy5wbGFjZXMudjEuUGxhY2VzLlNlYXJjaFRleHQQAhgEIAA,ChIJbxyUH1G0AhURQ8wxF39CyP0
25,אמקור דודי שמש חשמל וקולטים - אשדוד,solar_boilers,אשדוד,08-853-3133,https://amcor-solar.co.il/,3.9,18,0,,True,False,ok,,"הנגר 4, אשדוד, 7760304",https://maps.google.com/?cid=2283138345167204167&g_mp=Cidnb29nbGUubWFwcy5wbGFjZXMudjEuUGxhY2VzLlNlYXJjaFRleHQQAhgEIAA,ChIJGQ-awkOjAhURR6_DdDpWrx8
25,טופ דודים - טכנאי דודי שמש וחשמל (תיקון דודים והתקנה),solar_boilers,"אשדוד,אשקלון",077-605-2660,https://www.top-boilers.co.il/,4.5,366,0,,,,unreachable,,"הנגר 24, הוד השרון, 4527713",https://maps.google.com/?cid=16226081607919619915&g_mp=Cidnb29nbGUubWFwcy5wbGFjZXMudjEuUGxhY2VzLlNlYXJjaFRleHQQAhgEIAA,ChIJL-4vVhY9HRURS0-MwECfLuE
25,"א.א. תיקונים אשדוד בע""מ",gardening,אשדוד,08-853-4758,,4.6,113,0,,,,none,,"בעלי המלאכה 2, אשדוד",https://maps.google.com/?cid=13389319272044830888&g_mp=Cidnb29nbGUubWFwcy5wbGFjZXMudjEuUGxhY2VzLlNlYXJjaFRleHQQAhgEIAA,ChIJYdtwbWqjAhURqCCGMvBq0Lk
25,משתלת איתי,gardening,אשדוד,050-911-1001,https://eyalsh1.wixsite.com/website,4.7,427,0,,False,False,ok,,שדה עוזיהו,https://maps.google.com/?cid=12277980615661483346&g_mp=Cidnb29nbGUubWFwcy5wbGFjZXMudjEuUGxhY2VzLlNlYXJjaFRleHQQAhgEIAA,ChIJabLczKiiAhURUnWig1EmZKo
25,"משתלת רואים ירוק בע""מ",gardening,אשדוד,08-631-3166,https://roimyaarok.co.il/,4.6,272,0,,,,unreachable,,שתולים,https://maps.google.com/?cid=15226061078700437154&g_mp=Cidnb29nbGUubWFwcy5wbGFjZXMudjEuUGxhY2VzLlNlYXJjaFRleHQQAhgEIAA,ChIJqR25JNGiAhURoi5XROHVTdM
25,הגרעין,gardening,אשדוד,08-932-0467,http://www.hagarin.co.il/,4.2,126,0,,False,False,ok,,"נחל חריף 2, יבנה",https://maps.google.com/?cid=16636236719990104978&g_mp=Cidnb29nbGUubWFwcy5wbGFjZXMudjEuUGxhY2VzLlNlYXJjaFRleHQQAhgEIAA,ChIJdY4bK4mwAhURkuNRfifJ3-Y
25,פרחי מרינה אשדוד,gardening,אשדוד,08-865-5913,http://ashdod.marinaflowers.co.il/,4.9,505,0,,False,False,ok,,"גיא אוני 10, אשדוד",https://maps.google.com/?cid=17630456972149302886&g_mp=Cidnb29nbGUubWFwcy5wbGFjZXMudjEuUGxhY2VzLlNlYXJjaFRleHQQAhgEIAA,ChIJa3FgEOGiAhURZqbEvDT3q_Q
25,"ג.א.א. חומרי בנין ואינסטלציה (1997) בע""מ",gardening,אשדוד,08-853-2222,http://www.gaa-shop.co.il/,4.6,175,0,,,,unreachable,,"העבודה 47, אשדוד",https://maps.google.com/?cid=14646278282510855279&g_mp=Cidnb29nbGUubWFwcy5wbGFjZXMudjEuUGxhY2VzLlNlYXJjaFRleHQQAhgEIAA,ChIJAWs_d0GjAhURb-yTpn8IQss
25,"גננים פלוס - גינון, כריתת עצים וגיזום עצים",gardening,"אשדוד,אשקלון",077-998-5378,https://www.ganplus.co.il/,4.6,474,0,,,,unreachable,,"נחל איילון 20, צור יצחק, 4580800",https://maps.google.com/?cid=9206955806004029229&g_mp=Cidnb29nbGUubWFwcy5wbGFjZXMudjEuUGxhY2VzLlNlYXJjaFRleHQQAhgEIAA,ChIJwZ3iboo3HRURLSeXZ4atxX8
25,קקטוס חנות פרחים,gardening,אשדוד,08-867-8731,https://kaktus-ashdod.co.il/,4.9,149,0,,,,unreachable,,"העצמאות 93, חנות 5, Ashdod, 7745277",https://maps.google.com/?cid=8513722065007216910&g_mp=Cidnb29nbGUubWFwcy5wbGFjZXMudjEuUGxhY2VzLlNlYXJjaFRleHQQAhgEIAA,ChIJq4Ajr_iiAhURDgkpSRzRJnY
25,הום סנטר אשדוד,gardening,אשדוד,073-274-6295,https://www.homecenter.co.il/,3.7,2635,0,,False,False,ok,,"א.ת. קלה, האורגים 1, אשדוד",https://maps.google.com/?cid=4208120855798878089&g_mp=Cidnb29nbGUubWFwcy5wbGFjZXMudjEuUGxhY2VzLlNlYXJjaFRleHQQAhgEIAA,ChIJH59tKGujAhURiQ_ObZ8_Zjo
25,קוגן מנעולים,locksmith,אשדוד,052-290-9527,https://koganlocks.co.il/,4.9,144,0,,False,False,ok,,"הבנאים 4, אשדוד, 7727314",https://maps.google.com/?cid=13200291203427856156&g_mp=Cidnb29nbGUubWFwcy5wbGFjZXMudjEuUGxhY2VzLlNlYXJjaFRleHQQAhgEIAA,ChIJkwHLcwijAhURHO8HUOnaMLc
25,א.מ. סטריאו אשדוד,locksmith,אשדוד,050-301-8036,,5,334,0,,,,none,,"העבודה 52, אשדוד",https://maps.google.com/?cid=6684604784216445355&g_mp=Cidnb29nbGUubWFwcy5wbGFjZXMudjEuUGxhY2VzLlNlYXJjaFRleHQQAhgEIAA,ChIJm-3uW72jAhURqxEZe6J8xFw
25,טמבור הורוביץ,locksmith,אשדוד,08-865-8470,http://www.horoviz.co.il/,4.7,178,0,,False,False,ok,,"ים, Unnamed Road 8, אשדוד, 7765362",https://maps.google.com/?cid=13047446887142089936&g_mp=Cidnb29nbGUubWFwcy5wbGFjZXMudjEuUGxhY2VzLlNlYXJjaFRleHQQAhgEIAA,ChIJPaiMic2jAhUR0GThxdDXEbU
25,גילי הדברות | חברת הדברות 10+ שנות ניסיון צוות מדבירים מוסמכים ומקצועיים בפריסה ארצית,pest_control,"אשקלון,ראשון לציון",052-956-8696,http://www.gili-hadbarot.co.il/,5,320,0,,,,unreachable,,"מסילת ישרים 55, תל אביב-יפו",https://maps.google.com/?cid=6294805563393293837&g_mp=Cidnb29nbGUubWFwcy5wbGFjZXMudjEuUGxhY2VzLlNlYXJjaFRleHQQAhgEIAA,ChIJ3YTraxtLHRURDb41AE-kW1c
25,שומר טכנולוגיות בע״מ,pest_control,אשקלון,08-675-9194,https://shomerltd.co.il/,4.4,13,1,pdf_form,False,False,ok,"המשוב מתייחס לחברת ""שומר""
התקשרתי להתיעץ לגבי הדברה, הבטיחו שיחזרו אלי ולא חזרו. כמה שבועות אחרי הגעתי לחנות עם דוגמה של החרק, הבטיחו שהמומחה יצור איתי קשר, זה לא קרה.
כמה חודשים אחרי קניתי בחנות אחרת","שדרות התעשייה 18, אשקלון",https://maps.google.com/?cid=14029056506863555814&g_mp=Cidnb29nbGUubWFwcy5wbGFjZXMudjEuUGxhY2VzLlNlYXJjaFRleHQQAhgEIAA,ChIJN2hT63GcAhUR5hR8WZA4scI
25,מדבירים פלוס - השוואת מחירים בין חברות הדברה,pest_control,אשקלון,077-605-1425,https://www.madplus.co.il/,4.8,144,0,,,,unreachable,,"הנגר 24, הוד השרון, 4527713",https://maps.google.com/?cid=17200092523291103213&g_mp=Cidnb29nbGUubWFwcy5wbGFjZXMudjEuUGxhY2VzLlNlYXJjaFRleHQQAhgEIAA,ChIJ3UZOTCk5HRUR7U-eGgUBs-4
25,רוני שירותי הנדימן ואינסטלציה,"appliance_repair,cleaning,plumbing",אשקלון,050-811-6697,https://www.midrag.co.il/SpCard/Sp/135614?sectorId=75&listId=1,5,159,0,,False,False,ok,,"ארגמן, אשקלון",https://maps.google.com/?cid=15437404770339812335&g_mp=Cidnb29nbGUubWFwcy5wbGFjZXMudjEuUGxhY2VzLlNlYXJjaFRleHQQAhgEIAA,ChIJy53LIrudAhUR73MGBtmtPNY
25,ציון חשמלאות רכב,electrician,אשקלון,08-675-3146,,4.5,123,0,,,,none,,"צה""ל 28, אשקלון",https://maps.google.com/?cid=11061379136730963777&g_mp=Cidnb29nbGUubWFwcy5wbGFjZXMudjEuUGxhY2VzLlNlYXJjaFRleHQQAhgEIAA,ChIJGYwud3GcAhURQR_EGrjpgZk
25,"אולטרה מעליות בע""מ",elevators,אשקלון,03-652-6523,http://www.ultralifts.co.il/,5,17,0,,True,False,ok,,"דוד סחרוב 11, ראשון לציון",https://maps.google.com/?cid=14621119637169812346&g_mp=Cidnb29nbGUubWFwcy5wbGFjZXMudjEuUGxhY2VzLlNlYXJjaFRleHQQAhgEIAA,ChIJNyP6ByyzAhURerP-D9im6Mo
25,"התקנה , תיקון מזגנים באשקלון - עולם המיזוג","air_conditioning,appliance_repair",אשקלון,052-291-1030,,4.9,374,0,,,,none,,"סיוון 3, אשקלון",https://maps.google.com/?cid=10720261056101883846&g_mp=Cidnb29nbGUubWFwcy5wbGFjZXMudjEuUGxhY2VzLlNlYXJjaFRleHQQAhgEIAA,ChIJBfUPbkKcAhURxh9o1KEExpQ
25,חשמל ומיזוג אוויר לרכב ג׳נח חנן,air_conditioning,אשקלון,08-672-3922,https://israelbusinessguide.com/catalog/ashkelon/electricity_and_car_conditioning--jenha_hanan/,4.1,128,0,,False,False,ok,,"הכישור,א.ת. צפוני, אשקלון",https://maps.google.com/?cid=1369549892792244738&g_mp=Cidnb29nbGUubWFwcy5wbGFjZXMudjEuUGxhY2VzLlNlYXJjaFRleHQQAhgEIAA,ChIJf1y4QYqbAhURAloODl-eARM
25,"אור קור מיזוג אויר לרכב בע""מ",air_conditioning,אשקלון,08-672-3333,,4.4,128,0,,,,none,,"הפנינים 1, אשקלון",https://maps.google.com/?cid=11351331990341104558&g_mp=Cidnb29nbGUubWFwcy5wbGFjZXMudjEuUGxhY2VzLlNlYXJjaFRleHQQAhgEIAA,ChIJpcxUI3acAhURrjPPo00IiJ0
25,מרכז שרות רפי עמירה ובניו,air_conditioning,אשקלון,08-675-1144,,4.2,225,0,,,,none,,"הפנינים 3, אשקלון",https://maps.google.com/?cid=9882357807453332522&g_mp=Cidnb29nbGUubWFwcy5wbGFjZXMudjEuUGxhY2VzLlNlYXJjaFRleHQQAhgEIAA,ChIJFVpoQVGcAhURKmSQIBEwJYk
25,"ניקיון בתים אחרי שיפוץ, חדשים מקבלן ולמעבר באשקלון והסביבה",cleaning,אשקלון,053-473-3345,,4.8,245,0,,,,none,,אשקלון,https://maps.google.com/?cid=2841164463218929712&g_mp=Cidnb29nbGUubWFwcy5wbGFjZXMudjEuUGxhY2VzLlNlYXJjaFRleHQQAhgEIAA,ChIJSb5OFkqcAhURMLCgsgbYbSc
25,כל בו לחקלאי ולגינה - לוגיסטיקה אשקלון,gardening,אשקלון,073-247-4608,http://www.colbogarden.co.il/,4.1,106,0,,,,unreachable,,"חוצות היוצר 15, אשקלון",https://maps.google.com/?cid=15480249721832115391&g_mp=Cidnb29nbGUubWFwcy5wbGFjZXMudjEuUGxhY2VzLlNlYXJjaFRleHQQAhgEIAA,ChIJ3eQ7696cAhURv4wkqBrl1NY
25,משתלת בלבן,gardening,אשקלון,055-552-6223,http://www.balabanmashtela.com/?utm_source=google&utm_medium=wix_google_business_profile&utm_campaign=5005424771991237117,4.7,366,0,,,,unreachable,,"שדרות חיים ברלב, אשקלון",https://maps.google.com/?cid=3548257939239452789&g_mp=Cidnb29nbGUubWFwcy5wbGFjZXMudjEuUGxhY2VzLlNlYXJjaFRleHQQAhgEIAA,ChIJ2VLOjc-cAhURdcDT18vxPTE
25,עידן 88,gardening,אשקלון,08-679-7000,http://www.idan88.co.il/,4.4,625,0,,False,False,ok,,"צה""ל 30, אשקלון",https://maps.google.com/?cid=1754377843093774885&g_mp=Cidnb29nbGUubWFwcy5wbGFjZXMudjEuUGxhY2VzLlNlYXJjaFRleHQQAhgEIAA,ChIJCUZr63GcAhURJaJra1rNWBg
25,"ח.י. עשוש שיווק בע""מ",gardening,אשקלון,077-560-6460,,4.3,483,0,,,,none,,"החלוץ 4, אשקלון",https://maps.google.com/?cid=9602903161423431362&g_mp=Cidnb29nbGUubWFwcy5wbGFjZXMudjEuUGxhY2VzLlNlYXJjaFRleHQQAhgEIAA,ChIJ70DG8G-cAhURwoYeBYxdRIU
25,גור אלקטרוניקה GurElec,appliance_repair,אשקלון,08-671-0707,,4.6,100,0,,,,none,,"אלי כהן 42, אשקלון",https://maps.google.com/?cid=14116624842211556992&g_mp=Cidnb29nbGUubWFwcy5wbGFjZXMudjEuUGxhY2VzLlNlYXJjaFRleHQQAhgEIAA,ChIJUcOF2mucAhURgH55O4BT6MM
25,מחסני אלקטריק אריה,appliance_repair,אשקלון,08-673-8908,,4.5,152,0,,,,none,,"אלי כהן 39, אשקלון",https://maps.google.com/?cid=881201930799852046&g_mp=Cidnb29nbGUubWFwcy5wbGFjZXMudjEuUGxhY2VzLlNlYXJjaFRleHQQAhgEIAA,ChIJ9zeZDWycAhURDqq2vHyoOgw
25,עידן חדש - רשת חנויות סלולר,appliance_repair,אשקלון,08-625-5560,http://www.idan-hadash.com/,4.6,112,0,,False,False,ok,,"אורט 29, אשקלון",https://maps.google.com/?cid=18420047541420381499&g_mp=Cidnb29nbGUubWFwcy5wbGFjZXMudjEuUGxhY2VzLlNlYXJjaFRleHQQAhgEIAA,ChIJZxrFSkGcAhURO1UrNKUnof8
25,ברק מחשבים,appliance_repair,אשקלון,052-779-7776,,4.8,391,0,,,,none,,"יהדות ספרד 19, אשקלון",https://maps.google.com/?cid=14851029787073093242&g_mp=Cidnb29nbGUubWFwcy5wbGFjZXMudjEuUGxhY2VzLlNlYXJjaFRleHQQAhgEIAA,ChIJK6gBcXCcAhURep48P-h0Gc4
25,מיסטר פיקס רשת מחשבים וסלולר,appliance_repair,אשקלון,050-455-6777,http://www.misterfixpc.co.il/,4.9,196,0,,False,False,ok,,"עליית הנוער 2, אשקלון",https://maps.google.com/?cid=18193645591310865982&g_mp=Cidnb29nbGUubWFwcy5wbGFjZXMudjEuUGxhY2VzLlNlYXJjaFRleHQQAhgEIAA,ChIJzbd2HPidAhURPpZvb0XQfPw
25,פלג מנעולים - מנעולן באשקלון והסביבה | פורץ ומתקן דלתות רכבים וכספות באשקלון - 24 שעות,locksmith,אשקלון,052-600-3435,https://peleg-locks.co.il/,5,198,0,,,,unreachable,,"גולני 21, אשקלון, 7848018",https://maps.google.com/?cid=3467568358823723827&g_mp=Cidnb29nbGUubWFwcy5wbGFjZXMudjEuUGxhY2VzLlNlYXJjaFRleHQQAhgEIAA,ChIJEbNlPBeZAhURM4MS5gxHHzA
25,אמיר המדביר - ראשון לציון,pest_control,ראשון לציון,052-525-7620,http://www.amir83.com/,5,417,0,,False,False,ok,,"מעפילי קפריסין 7, ראשון לציון",https://maps.google.com/?cid=9133460399722380055&g_mp=Cidnb29nbGUubWFwcy5wbGFjZXMudjEuUGxhY2VzLlNlYXJjaFRleHQQAhgEIAA,ChIJI3ueoHy2bgARF7uMp9eRwH4
23,אינסטלטור באשדוד - קובי שיפוצים ואינסטלציה,plumbing,אשדוד,050-844-2284,https://kobi-plumbing-renovations.webflow.io/,5,44,0,whatsapp_contact,False,False,ok,,"שדרות מנחם בגין 10, אשדוד",https://maps.google.com/?cid=3940369179294092298&g_mp=Cidnb29nbGUubWFwcy5wbGFjZXMudjEuUGxhY2VzLlNlYXJjaFRleHQQAhgEIAA,ChIJTQsp2v-jAhURCsy4P-QArzY
23,ביובית באשדוד קנדל שחרור סתימות באשדוד והסביבה,plumbing,אשדוד,052-642-1001,https://kendal-sewerage-and-plumbing.com/,5,41,0,whatsapp_contact,False,False,ok,,"העצמאות 85 אשדוד, אשקלון",https://maps.google.com/?cid=13844353260089934232&g_mp=Cidnb29nbGUubWFwcy5wbGFjZXMudjEuUGxhY2VzLlNlYXJjaFRleHQQAhgEIAA,ChIJMZqX6hyjAhURmIGuhPAFIcA
23,מוצרי חשמל חצי חינם,air_conditioning,אשדוד,08-852-7962,http://free24-7.co.il/,4.4,50,0,whatsapp_contact,False,False,ok,,"האורגים 16, אשדוד",https://maps.google.com/?cid=9131053582222481035&g_mp=Cidnb29nbGUubWFwcy5wbGFjZXMudjEuUGxhY2VzLlNlYXJjaFRleHQQAhgEIAA,ChIJ_dZyf2yjAhURi9ZtydoEuH4
23,מנעולי דוד - מנעולן פורץ באשקלון רק 99₪ בלבד. פורץ רכבים באשקלון | התקנת צילינדר באשקלון | Слесарь,locksmith,"אשדוד,אשקלון",052-552-5523,http://www.locksmith-israel.co.il/,4.9,86,0,call_to_schedule,False,False,ok,,"השרון 2, אשקלון, 7868335",https://maps.google.com/?cid=1343065505371285389&g_mp=Cidnb29nbGUubWFwcy5wbGFjZXMudjEuUGxhY2VzLlNlYXJjaFRleHQQAhgEIAA,ChIJ15Nj-hGcAhURjWe8FfaGoxI
23,רשת בית המיזוג אשקלון - רפי את רפי,air_conditioning,אשקלון,08-672-8448,http://rafiandrafi.co.il/,4.6,62,0,whatsapp_contact,False,False,ok,,"הפנינים 17, אשקלון",https://maps.google.com/?cid=7309037942512445495&g_mp=Cidnb29nbGUubWFwcy5wbGFjZXMudjEuUGxhY2VzLlNlYXJjaFRleHQQAhgEIAA,ChIJ9e21zIubAhURN2hOpUjrbmU
23,דניס טכנאי מזגנים מורשה ️ ️,air_conditioning,אשקלון,050-248-9958,https://digitcard.site/denis-mazganim/,4.9,38,0,whatsapp_contact,False,False,ok,,"השומר הצעיר 10, ניסן 32 א, אשקלון, 7875910",https://maps.google.com/?cid=4677776016363586385&g_mp=Cidnb29nbGUubWFwcy5wbGFjZXMudjEuUGxhY2VzLlNlYXJjaFRleHQQAhgEIAA,ChIJDzVa32edAhURUYMxwoDM6kA
23,ניקולאי מערכות מיזוג אוויר,air_conditioning,אשקלון,052-332-2821,http://www.nikolaypro.com/,4.5,52,0,whatsapp_contact,False,False,ok,,"הסרגל 5, אשקלון",https://maps.google.com/?cid=16488740671642273035&g_mp=Cidnb29nbGUubWFwcy5wbGFjZXMudjEuUGxhY2VzLlNlYXJjaFRleHQQAhgEIAA,ChIJk7SqofJ_AhURCwXGnkfG0-Q
23,איתמר מנעולים- מנעולן לרכב,locksmith,אשקלון,054-909-5388,https://itamar-locksmith.co.il/,5,53,0,whatsapp_contact,False,False,ok,,"לוטוס 84, אשקלון, 7870600",https://maps.google.com/?cid=8717491922568370510&g_mp=Cidnb29nbGUubWFwcy5wbGFjZXMudjEuUGxhY2VzLlNlYXJjaFRleHQQAhgEIAA,ChIJmXaDJsI_AhURTlkGYbfA-ng
23,בנדה הדברות,pest_control,ראשון לציון,054-696-3881,https://tamamhadbara.co.il/,5,80,0,whatsapp_contact,False,False,ok,,"טירת צבי 11, ראשון לציון",https://maps.google.com/?cid=5825208164672016986&g_mp=Cidnb29nbGUubWFwcy5wbGFjZXMudjEuUGxhY2VzLlNlYXJjaFRleHQQAhgEIAA,ChIJFcfXEfazAhURWhL7ZfZL11A
20,אינסטלטור באשדוד בני אינסטלטור,plumbing,אשדוד,050-999-7009,https://www.d.co.il/h-c2550-e0-p0-l0-city70/,3.5,10,1,,False,False,ok,"לא להזמין, לא מקצועי, לא מדייק בזמן, איחר במעל 5 שעות ולא תיקן את התקלה. גם אמר שיקח 250 בפועל לקח 400 בלי לעדכן.
צריך לדווח עליו לחיים אתגר !","יצחק שדה 2, אשדוד, 7734002",https://maps.google.com/?cid=12467393205290524148&g_mp=Cidnb29nbGUubWFwcy5wbGFjZXMudjEuUGxhY2VzLlNlYXJjaFRleHQQAhgEIAA,ChIJ9-LzqVyiAhUR9N11rBAUBa0
20,א.ק תיקון שערים חשמליים,gates_cameras,אשדוד,055-966-5584,https://6254af0b6fcc6.site123.me/,5,15,1,,False,False,ok,"היה מעולה הוא בעל מקצוע נהדר! הגיע בזמן, נתן אבחנה מדויקת וטיפל בבעיה באופן מידי. אחרי יום וידא שהכל תקין, שהבעיה לא חזרה על עצמה ושאני מרוצה.","גד הנביא 8, אשדוד, 7747117",https://maps.google.com/?cid=5030621752089939007&g_mp=Cidnb29nbGUubWFwcy5wbGFjZXMudjEuUGxhY2VzLlNlYXJjaFRleHQQAhgEIAA,ChIJHaFYxG-jAhURP4yshNRb0EU
20,"דשא עוז דשא סינטטי , משחקי רצפה, דשא סינטטי למגרשי ספורט",gardening,אשדוד,1-700-702-602,https://www.desheoz.co.il/,4.8,16,0,"pdf_form,call_to_schedule",False,False,ok,,"IL 7752149, המתכת 48, אשדוד",https://maps.google.com/?cid=17333685945395962256&g_mp=Cidnb29nbGUubWFwcy5wbGFjZXMudjEuUGxhY2VzLlNlYXJjaFRleHQQAhgEIAA,ChIJL2XpKbKkAhURkOGBj4efjfA
20,הובלות באשדוד אלחנן הובלות,movers,אשדוד,050-266-3115,,5,10,1,,,,none,"הובלות אלחנן מקצוענים ברמות!
העבירו לי תכולה של דירת 5 חדרים בצורה יוצאת דופן!
העבודה יסודית, מאורגנת ויעילה, אלחנן מנהל את העבודה במקצועיות ובנעימות, הצוות מתקתק את העבודה, וכל אנשי המקצוע מעולים בתח","ראשון לציון, אשדוד",https://maps.google.com/?cid=15564427570030944787&g_mp=Cidnb29nbGUubWFwcy5wbGFjZXMudjEuUGxhY2VzLlNlYXJjaFRleHQQAhgEIAA,ChIJD7T_gHk3HRURE6L9O2n0_9c
20,אריק הובלות באשדוד,movers,אשדוד,052-889-8844,,4.2,25,1,,,,none,"בן אדם בלי כבוד דפק לי ברז   באותו יום שקבעתי איתו הובלה לא ענה לטלפוו סינן אותי ונתן לי לחפש מובלי אחר בדקה ה90  לא יתנצל ודפק לי יום עבודה חוצפן שרות 0  אחד גדול
והשם יחזיר לך אמן","הציונות 44, אשדוד",https://maps.google.com/?cid=17027404733489899536&g_mp=Cidnb29nbGUubWFwcy5wbGFjZXMudjEuUGxhY2VzLlNlYXJjaFRleHQQAhgEIAA,ChIJXyTCF0qjAhUREGh42mN-Tew
20,"עדן מעליות בע""מ",elevators,אשקלון,08-665-5788,http://www.eden-lift.co.il/,3.8,27,1,,False,False,ok,"רכשתי דירה בבית עם מעלית בשירות עדן מעליות, המעלית נראת זוועה. אני התקשרתי , שלחתי במייל ביקשתי להעביר הסכם, אנחנו לא יודעים מה נכלל בו, עד היום לא חזרו טלפונית ולא העבירו הסכם. שירות לא טוב.","תוצרת הארץ 3, באר שבע",https://maps.google.com/?cid=4228481083461750896&g_mp=Cidnb29nbGUubWFwcy5wbGFjZXMudjEuUGxhY2VzLlNlYXJjaFRleHQQAhgEIAA,ChIJmVvSpp5oAhURcFAyVySVrjo
20,פסנתרין מעבדות - תיקון כלי נגינה,appliance_repair,אשקלון,058-329-5111,http://www.psanterin.co.il/,5,24,0,"whatsapp_contact,call_to_schedule",False,False,ok,,"עולי הגרדום 86, אשקלון",https://maps.google.com/?cid=17137799431409911583&g_mp=Cidnb29nbGUubWFwcy5wbGFjZXMudjEuUGxhY2VzLlNlYXJjaFRleHQQAhgEIAA,ChIJiQjrzeOcAhURH0cUbcix1e0
20,"מילניום שרותים ולוגיסטיקה בע""מ",movers,אשקלון,08-677-7888,,3.6,19,1,,,,none,"מאוד מאכזב ומעליב ההתנהלות שלהם מול הלקוח . לאחר שאיחרו במועד ההספקה . הם התחייבו לספק את המוצר ,לאחר שלושה ימים וגם אז לא עמדו בהתחייבות , ותירצו את זה בכך שהנציגה לא קיבלה את ההודעה ממני , פעם שניה ","הפנינים 2, אשקלון, 7863638",https://maps.google.com/?cid=16514296777211941884&g_mp=Cidnb29nbGUubWFwcy5wbGFjZXMudjEuUGxhY2VzLlNlYXJjaFRleHQQAhgEIAA,ChIJw1huO3acAhUR_JMYIWyRLuU
18,אינסטלטור באשדוד,plumbing,אשדוד,050-809-0448,,4.9,51,0,,,,none,,"שדרות תל חי 19, אשדוד",https://maps.google.com/?cid=3413352532130793921&g_mp=Cidnb29nbGUubWFwcy5wbGFjZXMudjEuUGxhY2VzLlNlYXJjaFRleHQQAhgEIAA,ChIJwZs1guS7AhURwQnWEguqXi8
18,י.ב.ט הנדסת מיזוג אויר VRF,air_conditioning,אשדוד,052-243-5115,https://www.yabat.online/,5,43,0,,False,False,ok,,"אמציה המלך 6, אשדוד, 7749802",https://maps.google.com/?cid=7366445844261835091&g_mp=Cidnb29nbGUubWFwcy5wbGFjZXMudjEuUGxhY2VzLlNlYXJjaFRleHQQAhgEIAA,ChIJGTHMmvSiAhURUxFhXHffOmY
18,R-car מיזוג אוויר לרכב,air_conditioning,אשדוד,08-852-4659,,4.9,93,0,,,,none,,"העבודה 44, אשדוד",https://maps.google.com/?cid=5651206124567621407&g_mp=Cidnb29nbGUubWFwcy5wbGFjZXMudjEuUGxhY2VzLlNlYXJjaFRleHQQAhgEIAA,ChIJ2alhdkGjAhURH29dZwcebU4
18,"קירור סטס ובניו בע""מ | קבלן מיזוג אוויר באשדוד",air_conditioning,אשדוד,052-835-3351,https://staskirur.localo.site/,5,32,0,,False,False,ok,,"הראשונים 9, אשדוד, 7724109",https://maps.google.com/?cid=14046053243626714872&g_mp=Cidnb29nbGUubWFwcy5wbGFjZXMudjEuUGxhY2VzLlNlYXJjaFRleHQQAhgEIAA,ChIJjxa3aluZ1AoR-PaXggGb7cI
18,מכירה והתקנה של דשא סינטטי בפריסה ארצית - החצר האחורית,gardening,אשדוד,050-751-1107,http://www.byard.co.il/,5,74,0,,,,unreachable,,שדה עוזיהו,https://maps.google.com/?cid=4550231279934201267&g_mp=Cidnb29nbGUubWFwcy5wbGFjZXMudjEuUGxhY2VzLlNlYXJjaFRleHQQAhgEIAA,ChIJK8yK5zy9AhURs11Zrj2rJT8
18,חשמל קמי,appliance_repair,אשדוד,08-852-5104,,4.8,73,0,,,,none,,"קיבוץ גלויות 3 חנות מספר 24, מרכז מסחרי ב, אשדוד",https://maps.google.com/?cid=5293722371808356203&g_mp=Cidnb29nbGUubWFwcy5wbGFjZXMudjEuUGxhY2VzLlNlYXJjaFRleHQQAhgEIAA,ChIJ7-RHdRGjAhURa-csJ3MUd0k
18,מאיר ישראל מנעולן באשדוד,locksmith,אשדוד,050-260-3260,https://manulanashdod555.wixsite.com/my-site,5,60,0,,False,False,ok,,"נחל הבשור 24, אשדוד, 7770244",https://maps.google.com/?cid=8789398021906409045&g_mp=Cidnb29nbGUubWFwcy5wbGFjZXMudjEuUGxhY2VzLlNlYXJjaFRleHQQAhgEIAA,ChIJ564FqbqjAhURVaZAxe42-nk
18,שכפול מפתחות באשדוד,locksmith,אשדוד,050-568-6417,http://keyexpress2.co.il/,4.8,66,0,,,,unreachable,,"זבוטינסקי 39 אשדוד, סטאר סנטר, מתחם סטאר סנטר -בתוך אייס, ז'בוטינסקי 39, אשדוד",https://maps.google.com/?cid=9935249660806331719&g_mp=Cidnb29nbGUubWFwcy5wbGFjZXMudjEuUGxhY2VzLlNlYXJjaFRleHQQAhgEIAA,ChIJWfc-0V2iAhURR30uY-0Y4Yk
18,כפות המנעול-מערכות נעילה חכמה באשדוד,locksmith,אשדוד,050-912-2063,https://smartlockisrael.co.il/,5,40,0,,False,False,ok,,"עובדיה הנביא 5, אשדוד, 7746417",https://maps.google.com/?cid=4228617203995119707&g_mp=Cidnb29nbGUubWFwcy5wbGFjZXMudjEuUGxhY2VzLlNlYXJjaFRleHQQAhgEIAA,ChIJTZqrNmKjAhURWxA8X_EQrzo
18,בוריס הובלות ומנופים,movers,אשדוד,053-744-8512,http://boris-crane.ravpage.co.il//movil,4.6,32,0,,,,unreachable,,"העבודה 16, אשדוד",https://maps.google.com/?cid=7943078439433994863&g_mp=Cidnb29nbGUubWFwcy5wbGFjZXMudjEuUGxhY2VzLlNlYXJjaFRleHQQAhgEIAA,ChIJI8VTLFejAhURbwKHpcF7O24
18,דודו בדרי הדברות,pest_control,אשקלון,053-553-3353,,5,72,0,,,,none,,"בקעת רימון 16, אשקלון",https://maps.google.com/?cid=6229986906659728744&g_mp=Cidnb29nbGUubWFwcy5wbGFjZXMudjEuUGxhY2VzLlNlYXJjaFRleHQQAhgEIAA,ChIJGxIjIcgYbWQRaK3JbhVcdVY
18,בי.אס.די שערים אוטומטיים,gates_cameras,אשקלון,08-910-3458,http://www.bsdgates.co.il/,4.5,39,0,,False,False,ok,,"עתניאל 14, אשקלון",https://maps.google.com/?cid=3455130424076764146&g_mp=Cidnb29nbGUubWFwcy5wbGFjZXMudjEuUGxhY2VzLlNlYXJjaFRleHQQAhgEIAA,ChIJmdOTxh6cAhUR8oO9i9AW8y8
18,"בן גל דן מערכות בע""מ",air_conditioning,אשקלון,08-675-9933,https://www.facebook.com/bengaldansystems/,4.8,34,0,,False,True,ok,,"המחוגה 2, אשקלון, 7863307",https://maps.google.com/?cid=14954567008431464602&g_mp=Cidnb29nbGUubWFwcy5wbGFjZXMudjEuUGxhY2VzLlNlYXJjaFRleHQQAhgEIAA,ChIJQ5CWER2bAhURmmBVI3ZLic8
18,אדמירל מערכות מיזוג בע״מ,air_conditioning,אשקלון,052-220-7072,,4.5,59,0,,,,none,,"שדרות התעשייה 28, אשקלון",https://maps.google.com/?cid=5161081555348713508&g_mp=Cidnb29nbGUubWFwcy5wbGFjZXMudjEuUGxhY2VzLlNlYXJjaFRleHQQAhgEIAA,ChIJC34VavWbAhURJHBhe1TYn0c
18,מיגון 2000,air_conditioning,אשקלון,08-673-5533,,4.7,99,0,,,,none,,"צה""ל 28, אשקלון",https://maps.google.com/?cid=11338555916635261095&g_mp=Cidnb29nbGUubWFwcy5wbGFjZXMudjEuUGxhY2VzLlNlYXJjaFRleHQQAhgEIAA,ChIJQ7W_klCcAhURp8jyLIikWp0
18,"ים אחזקות וניהול בע""מ",cleaning,אשקלון,08-671-5949,http://www.yamholding.co.il/,3.9,59,0,,False,False,ok,,"IL 7860105, הרצל 5, אשקלון",https://maps.google.com/?cid=6852175318267419260&g_mp=Cidnb29nbGUubWFwcy5wbGFjZXMudjEuUGxhY2VzLlNlYXJjaFRleHQQAhgEIAA,ChIJ3YUF9CedAhURfFoHyCXRF18
18,כל בו לחקלאי ולגינה - סניף אשקלון,gardening,אשקלון,08-675-4152,http://www.colbogarden.co.il/,4,32,0,,,,unreachable,,"דוד רזיאל 1, אשקלון",https://maps.google.com/?cid=14773053810080618925&g_mp=Cidnb29nbGUubWFwcy5wbGFjZXMudjEuUGxhY2VzLlNlYXJjaFRleHQQAhgEIAA,ChIJV4Dw5nScAhURrRmWVStuBM0
18,מרכז הגינון והעץ אשקלון,gardening,אשקלון,08-970-7719,http://merkaz-haginun.co.il/,4.5,52,0,,False,False,ok,,"דוד רמז 21, אשקלון",https://maps.google.com/?cid=10230088667688206630&g_mp=Cidnb29nbGUubWFwcy5wbGFjZXMudjEuUGxhY2VzLlNlYXJjaFRleHQQAhgEIAA,ChIJD_8PFAydAhURJgFOInGT-I0
18,משתלת חישתיל אשקלון,gardening,אשקלון,03-937-3111,http://www.hishtil.com/,4.6,66,0,,False,False,ok,,אשקלון,https://maps.google.com/?cid=1615002262914146271&g_mp=Cidnb29nbGUubWFwcy5wbGFjZXMudjEuUGxhY2VzLlNlYXJjaFRleHQQAhgEIAA,ChIJBZCBMB6dAhUR3x9zYACkaRY
18,הגרעין,gardening,אשקלון,08-675-6511,http://mo.hagarin.co.il/,4.2,46,0,,,,unreachable,,"הפלדה 25, אשקלון",https://maps.google.com/?cid=13514898933020748753&g_mp=Cidnb29nbGUubWFwcy5wbGFjZXMudjEuUGxhY2VzLlNlYXJjaFRleHQQAhgEIAA,ChIJdRbxQWubAhUR0esBfvmQjrs
18,משתלת גן העיר,gardening,אשקלון,08-672-6016,,5,43,0,,,,none,,"דוד רמז 53, אשקלון",https://maps.google.com/?cid=3167834374703441966&g_mp=Cidnb29nbGUubWFwcy5wbGFjZXMudjEuUGxhY2VzLlNlYXJjaFRleHQQAhgEIAA,ChIJsatGo22cAhURLmh4c5Ro9is
18,אלונים - אורי ששון,gardening,אשקלון,08-675-3003,https://www.alonimo.com/?utm_source=google&utm_medium=wix_google_business_profile&utm_campaign=10068615141769430689,4.8,51,0,,,,unreachable,,"הפלדה 23, אשקלון",https://maps.google.com/?cid=16367747981436443133&g_mp=Cidnb29nbGUubWFwcy5wbGFjZXMudjEuUGxhY2VzLlNlYXJjaFRleHQQAhgEIAA,ChIJVVVVVYqbAhUR_dmirhHsJeM
18,אלקטרו תיקונים,"appliance_repair,gardening",אשקלון,058-715-2050,https://www.electrotk.org/,4.5,59,0,,,,unreachable,,"מול בית הסוהר, שדרות התעשייה 12, אשקלון, 78100",https://maps.google.com/?cid=17542179087896036967&g_mp=Cidnb29nbGUubWFwcy5wbGFjZXMudjEuUGxhY2VzLlNlYXJjaFRleHQQAhgEIAA,ChIJ94d2iombAhURZ0ZUIPBWcvM
18,טל רון,appliance_repair,אשקלון,050-734-9503,,5,85,0,,,,none,,"גיורא יוספטל 15, אשקלון",https://maps.google.com/?cid=15223992567475803023&g_mp=Cidnb29nbGUubWFwcy5wbGFjZXMudjEuUGxhY2VzLlNlYXJjaFRleHQQAhgEIAA,ChIJLw0Or_ucAhURjxOVd5R8RtM
18,אור שירותי מחשוב - טכנאי מחשבים באשקלון עד בית הלקוח,appliance_repair,אשקלון,052-889-0820,https://orcomputerservices.co.il/,5,51,0,,False,False,ok,,אשקלון,https://maps.google.com/?cid=15290321612122949575&g_mp=Cidnb29nbGUubWFwcy5wbGFjZXMudjEuUGxhY2VzLlNlYXJjaFRleHQQAhgEIAA,ChIJFWoXgmJ9wwIRxwcRoH4iMtQ
18,מנעולן באשקלון והסביבה-מנעולנוס,locksmith,אשקלון,055-922-2213,https://manulanos.co.il/,4.9,67,0,,,,unreachable,,"אריה 10, אשקלון",https://maps.google.com/?cid=3131921620092007539&g_mp=Cidnb29nbGUubWFwcy5wbGFjZXMudjEuUGxhY2VzLlNlYXJjaFRleHQQAhgEIAA,ChIJu4IeW3KdAhURczTzrR7Sdis
18,ליאור המנעולן,locksmith,אשקלון,052-382-7207,https://the-locksmith.co.il/,4.9,64,0,,,,unreachable,,"עסיס ענבים 49, דירה 25, אשקלון, 7888990",https://maps.google.com/?cid=13604539311857796488&g_mp=Cidnb29nbGUubWFwcy5wbGFjZXMudjEuUGxhY2VzLlNlYXJjaFRleHQQAhgEIAA,ChIJv8BFA7GdAhURiAUfmGwIzbw
18,מנעול ובריח,locksmith,אשקלון,050-472-2443,https://mblocks.co.il/,4.6,31,0,,False,False,ok,,"העבודה 7 העבודה 31 (בוויז, אשקלון, 78610",https://maps.google.com/?cid=18104587369440903919&g_mp=Cidnb29nbGUubWFwcy5wbGFjZXMudjEuUGxhY2VzLlNlYXJjaFRleHQQAhgEIAA,ChIJNxZ79XOcAhUR74KMUEpqQPs
18,שכפול מפתחות אשקלון,locksmith,אשקלון,050-568-6417,http://keyexpress2.co.il/,5,38,0,,,,unreachable,,"גלובוס סנטר, בתוך אייס, מבקיעים",https://maps.google.com/?cid=551545334817111432&g_mp=Cidnb29nbGUubWFwcy5wbGFjZXMudjEuUGxhY2VzLlNlYXJjaFRleHQQAhgEIAA,ChIJeQ2BevCbAhURiD1MT497pwc
18,חגי מנעולים,locksmith,אשקלון,050-536-5230,https://www.d.co.il/24120700/29970/,4.3,41,0,,False,False,ok,,"צה""ל 3, אשקלון",https://maps.google.com/?cid=2728503675713695658&g_mp=Cidnb29nbGUubWFwcy5wbGFjZXMudjEuUGxhY2VzLlNlYXJjaFRleHQQAhgEIAA,ChIJCUZr63GcAhURqi9DB6OX3SU
18,LockMaster- מיכאל המנעולן,locksmith,אשקלון,053-212-1290,https://sites.google.com/view/lock-smith-master-manulan/%D0%B3%D0%BB%D0%B0%D0%B2%D0%BD%D0%B0%D1%8F-%D1%81%D1%82%D1%80%D0%B0%D0%BD%D0%B8%D1%86%D0%B0,5,34,0,,False,False,ok,,"השומר הצעיר 14, אשקלון, 7875912",https://maps.google.com/?cid=5132474649270230755&g_mp=Cidnb29nbGUubWFwcy5wbGFjZXMudjEuUGxhY2VzLlNlYXJjaFRleHQQAhgEIAA,ChIJE9bhk7WdAhUR4x5zIIA2Okc
18,בית ההובלות - ההובלה הבטוחה שלך,movers,אשקלון,052-724-7294,,4.9,56,0,,,,none,,"כסלו 2, אשקלון, 7872115",https://maps.google.com/?cid=1803251067371262761&g_mp=Cidnb29nbGUubWFwcy5wbGFjZXMudjEuUGxhY2VzLlNlYXJjaFRleHQQAhgEIAA,ChIJI9AmbUmcAhURKROCr0pvBhk
18,דרור הדברות החופש מהמזיקים שלך!,pest_control,ראשון לציון,054-312-0445,https://www.drorpestcontrol.co.il/,4.8,34,0,,False,False,ok,,"מורדי הגטאות 50, ראשון לציון",https://maps.google.com/?cid=14525603533318599124&g_mp=Cidnb29nbGUubWFwcy5wbGFjZXMudjEuUGxhY2VzLlNlYXJjaFRleHQQAhgEIAA,ChIJ_SzQWPu1AhUR1DGdH3RPlck
18,זיסמן: חברת הדברות,pest_control,ראשון לציון,054-332-3424,https://www.zisman-hadbarot.co.il/,4.9,87,0,,False,False,ok,,"חביבה רייק 15, בת ים",https://maps.google.com/?cid=12907149899067410534&g_mp=Cidnb29nbGUubWFwcy5wbGFjZXMudjEuUGxhY2VzLlNlYXJjaFRleHQQAhgEIAA,ChIJu2TKQCqzAhURZsihvHJoH7M
18,הדברה וריסוס בבת ים | הדברת טרמיטים מדביר בבת ים לפרעושים ופשפשים לוכד חולדות נחשים ועכברים הרחקת יונים,pest_control,ראשון לציון,054-884-9445,https://www.facebook.com/eilanithadbarot/,5,43,0,,False,True,ok,,"דניאל 57, בת ים, 5910001",https://maps.google.com/?cid=5801226851991241735&g_mp=Cidnb29nbGUubWFwcy5wbGFjZXMudjEuUGxhY2VzLlNlYXJjaFRleHQQAhgEIAA,ChIJeXJcmb-zAhURB0Rl7hUZglA
15,המדביר המקצועי,pest_control,"אשדוד,אשקלון,ראשון לציון",054-708-8118,https://www.hmadbir.com/,5,14,0,call_to_schedule,False,False,ok,,"שדה נחום 10, ראשון לציון",https://maps.google.com/?cid=5616423633108454568&g_mp=Cidnb29nbGUubWFwcy5wbGFjZXMudjEuUGxhY2VzLlNlYXJjaFRleHQQAhgEIAA,ChIJs4YCQW-1AhURqMyJh4mL8U0
15,תיקון דודי שמש באשדוד מרדכי ידי זהב דודי שמש,solar_boilers,אשדוד,052-253-8003,https://www.d.co.il/h-c12020-e0-p0-l0-city70/,4.6,9,1,,False,False,ok,לא ממליץ. קבענו שיגיע לראות - לא הגיע. הגיע יום למחרת. לאחר בדיקה קבענו שיגיע לתקן ביום ראשון . לא הגיע. רק אחרי שהתקשרתי במהלך היום אמר שיש לו בעיה. מאז לא חזר ולא תיאם מחדש,"העבודה 58, אשדוד, 7760041",https://maps.google.com/?cid=17667697394768967131&g_mp=Cidnb29nbGUubWFwcy5wbGFjZXMudjEuUGxhY2VzLlNlYXJjaFRleHQQAhgEIAA,ChIJOcAK_GujAhUR23VMTixFMPU
15,חשמלי - אליעזר פלר - מוצרי חשמל ומיזוג,air_conditioning,אשדוד,052-761-9944,https://drive.google.com/file/d/1cUya7j7hvic_NwJscXbnjNqAkxC-dfON/view?usp=sharing,5,14,0,pdf_form,False,False,ok,,"חטיבת הנגב 37, אשדוד",https://maps.google.com/?cid=13798559877074871989&g_mp=Cidnb29nbGUubWFwcy5wbGFjZXMudjEuUGxhY2VzLlNlYXJjaFRleHQQAhgEIAA,ChIJibUvyWWjAhURtWYBrRlVfr8
15,"י.ר. קירור אשדוד בע""מ",air_conditioning,אשדוד,08-856-0745,,1.8,5,1,,,,none,"השבוע ביקשתי קריאת שירות למזגן שהתקנתי לפני שנתיים
נאמר לי שיגיע מחר
כמובן שלא הגיע , לא יצרו קשר , וכשהתקשרתי שוב לא רק שלא ניסו לעזור , אלא אפשר להגיד שפשוט נפנפו אותי
שירות טוב אין כאן","האורגים 4, אשדוד",https://maps.google.com/?cid=14510409778608709763&g_mp=Cidnb29nbGUubWFwcy5wbGFjZXMudjEuUGxhY2VzLlNlYXJjaFRleHQQAhgEIAA,ChIJi-ycdWujAhURg6BTb9BUX8k
15,מובילי דהרי | הובלת מכולות ומטענים מנמל אשדוד,movers,אשדוד,072-394-4865,https://www.daharimoving.co.il/,4.1,12,0,whatsapp_contact,False,False,ok,,"רמב""ם 13, אשדוד, 7734103",https://maps.google.com/?cid=10039284100987655346&g_mp=Cidnb29nbGUubWFwcy5wbGFjZXMudjEuUGxhY2VzLlNlYXJjaFRleHQQAhgEIAA,ChIJeQOZwnujAhURspSYDrOzUos
15,אינסטלטור צדיק באשקלון אמנו יוסי אינסטלטור ומאתר נזילות מומלץ באשקלון 100% אחריות,plumbing,אשקלון,052-848-4855,https://plomber.online/,5,13,0,whatsapp_contact,False,False,ok,,"ענבר 14, אשקלון",https://maps.google.com/?cid=6937326662138431970&g_mp=Cidnb29nbGUubWFwcy5wbGFjZXMudjEuUGxhY2VzLlNlYXJjaFRleHQQAhgEIAA,ChIJ_YTLP7idAhUR4omb-9dVRmA
15,רוטר חשמל,electrician,אשקלון,054-972-3607,https://wa.me/message/UOULN6WAEIDKC1,5,16,0,whatsapp_contact,False,False,ok,,"אצל 46, Ashkelon",https://maps.google.com/?cid=2526000818240753960&g_mp=Cidnb29nbGUubWFwcy5wbGFjZXMudjEuUGxhY2VzLlNlYXJjaFRleHQQAhgEIAA,ChIJ8yHKQtvAFE0RKBGWYVwoDiM
15,אחזקת מעליות - סקייליפט,elevators,אשקלון,053-245-8343,https://sky-lift.co.il/,1,1,0,"pdf_form,whatsapp_contact",False,False,ok,,"הרצל 5, אשקלון, 7860105",https://maps.google.com/?cid=17065280870972699358&g_mp=Cidnb29nbGUubWFwcy5wbGFjZXMudjEuUGxhY2VzLlNlYXJjaFRleHQQAhgEIAA,ChIJARMR0_WdAhUR3rKYUokO1Ow
15,שג מעליות,elevators,אשקלון,03-904-0020,http://shag.co.il/,4,19,0,call_to_schedule,False,False,ok,,"בעלי המלאכה 2, רמלה",https://maps.google.com/?cid=15887809189584126944&g_mp=Cidnb29nbGUubWFwcy5wbGFjZXMudjEuUGxhY2VzLlNlYXJjaFRleHQQAhgEIAA,ChIJ1ZMuaVG0AhUR4ENZ3EfWfNw
15,"יוזקום בע""מ","appliance_repair,gates_cameras",אשקלון,054-685-6654,http://www.uzkom.co.il/,4.4,20,0,call_to_schedule,False,False,ok,,"שדרות דוד בן גוריון 5, אשקלון",https://maps.google.com/?cid=16922924398353299816&g_mp=Cidnb29nbGUubWFwcy5wbGFjZXMudjEuUGxhY2VzLlNlYXJjaFRleHQQAhgEIAA,ChIJBfUPbkKcAhURaLmjLBRO2uo
15,טכנאי מזגנים לביא מערכות מיזוג אוויר,air_conditioning,אשקלון,,https://clickin-businessservices.com/air/,4.2,10,0,whatsapp_contact,False,False,ok,,"יעקב מרידור 10, אשקלון",https://maps.google.com/?cid=14957467565349442247&g_mp=Cidnb29nbGUubWFwcy5wbGFjZXMudjEuUGxhY2VzLlNlYXJjaFRleHQQAhgEIAA,ChIJqd9W6hacAhURx5IUrICZk88
15,מנעולן באשקלון והדרום קרול פותח המנעולים ומתקין המצלמות,locksmith,אשקלון,054-432-4354,https://carol-locks.ngf.co.il/,5,24,0,whatsapp_contact,False,False,ok,,"גבע 4, אשקלון",https://maps.google.com/?cid=888589755818672425&g_mp=Cidnb29nbGUubWFwcy5wbGFjZXMudjEuUGxhY2VzLlNlYXJjaFRleHQQAhgEIAA,ChIJR9XMNbCdAhURKYGfyqznVAw
10,אופטימל הדברות הדברה באשדוד,pest_control,אשדוד,052-925-4628,https://www.optimal-hadbarot.com/,5,21,0,,False,False,ok,,"העצמאות 69/38, אשדוד, 7745265",https://maps.google.com/?cid=2176881355309560300&g_mp=Cidnb29nbGUubWFwcy5wbGFjZXMudjEuUGxhY2VzLlNlYXJjaFRleHQQAhgEIAA,ChIJC1Xh9ayjAhUR7LFlHQ_WNR4
10,ליאור דרור אינסטלציה באשדוד,plumbing,אשדוד,054-762-7070,,5,22,0,,,,none,,"העצמאות 8, אשדוד",https://maps.google.com/?cid=3775999025750516923&g_mp=Cidnb29nbGUubWFwcy5wbGFjZXMudjEuUGxhY2VzLlNlYXJjaFRleHQQAhgEIAA,ChIJCVqG54XKDicRu6QUmhsLZzQ
10,הנדימן באשדוד,plumbing,אשדוד,055-566-5269,https://sima1979.blogspot.com/2026/09/httpssharegooglet8fyyanmfq6ubwfpw_01935125160.html,4.7,15,0,,,,unreachable,,"זלמן ארן 9, אשדוד",https://maps.google.com/?cid=8449772735403965222&g_mp=Cidnb29nbGUubWFwcy5wbGFjZXMudjEuUGxhY2VzLlNlYXJjaFRleHQQAhgEIAA,ChIJE_vML9ijAhURJruItoifQ3U
10,חשמלאי באשדוד ערן חשמלאי,electrician,אשדוד,072-326-4160,,4.3,16,0,,,,none,,"העצמאות 48, אשדוד, 7745248",https://maps.google.com/?cid=7440314196315119941&g_mp=Cidnb29nbGUubWFwcy5wbGFjZXMudjEuUGxhY2VzLlNlYXJjaFRleHQQAhgEIAA,ChIJITPwmf-iAhURRaGoUFdOQWc
10,איתמר דודי שמש באשדוד,solar_boilers,אשדוד,050-809-0632,https://www.mishlohim.co.il/menu/4522/,3.8,17,0,,False,False,ok,,"קיבוץ גלויות 14, אשדוד",https://maps.google.com/?cid=6504496599748079690&g_mp=Cidnb29nbGUubWFwcy5wbGFjZXMudjEuUGxhY2VzLlNlYXJjaFRleHQQAhgEIAA,ChIJbbJG5JKzAhURSnC49jGdRFo
10,אקלים 365,air_conditioning,"אשדוד,אשקלון",08-854-2258,http://aclim365.com/,5,12,0,,False,False,ok,,"העבודה 19, אשדוד",https://maps.google.com/?cid=16908706800693571080&g_mp=Cidnb29nbGUubWFwcy5wbGFjZXMudjEuUGxhY2VzLlNlYXJjaFRleHQQAhgEIAA,ChIJLTPTZ0OjAhURCG6Swj_Lp-o
10,אלפגה מזגנים,air_conditioning,אשדוד,08-856-2369,,5,17,0,,,,none,,"העמל 11, אשדוד",https://maps.google.com/?cid=7942385747223241031&g_mp=Cidnb29nbGUubWFwcy5wbGFjZXMudjEuUGxhY2VzLlNlYXJjaFRleHQQAhgEIAA,ChIJL-NzstSjAhURR-FdrMEFOW4
10,ליאון מזגנים,air_conditioning,אשדוד,052-277-3950,https://www.facebook.com/%D7%9C%D7%99%D7%90%D7%95%D7%9F-%D7%9E%D7%96%D7%92%D7%A0%D7%99%D7%9D-1605375026439831/,5,17,0,,False,True,ok,,"הר מצדה 103/43, אשדוד",https://maps.google.com/?cid=49595662882268519&g_mp=Cidnb29nbGUubWFwcy5wbGFjZXMudjEuUGxhY2VzLlNlYXJjaFRleHQQAhgEIAA,ChIJCcI-AWiiAhURZ2V_HP4ysAA
10,טכנאי מזגנים באשדוד יוסי טכנאי מזגנים,air_conditioning,אשדוד,050-808-7610,,4.4,19,0,,,,none,,"הרמב""ם 9, אשדוד, 7734101",https://maps.google.com/?cid=7504205326791865754&g_mp=Cidnb29nbGUubWFwcy5wbGFjZXMudjEuUGxhY2VzLlNlYXJjaFRleHQQAhgEIAA,ChIJ1UD3tPiiAhURmvUFWfxKJGg
10,מ.ש.א מיזוג אשדוד,air_conditioning,אשדוד,054-609-8326,https://mizug-ashdod.co.il/,,0,0,whatsapp_contact,False,False,ok,,"הבושם 3, אשדוד, 7761003",https://maps.google.com/?cid=18365085582882420697&g_mp=Cidnb29nbGUubWFwcy5wbGFjZXMudjEuUGxhY2VzLlNlYXJjaFRleHQQAhgEIAA,ChIJRSgdvHejAhUR2bdaBQnk3f4
10,חברת ניקיון באשדוד הידרו קלין חברת ניקיון,cleaning,אשדוד,050-454-5999,,4.8,17,0,,,,none,,"הנרייטה סולד 6, אשדוד, 7734503",https://maps.google.com/?cid=3473187130991682840&g_mp=Cidnb29nbGUubWFwcy5wbGFjZXMudjEuUGxhY2VzLlNlYXJjaFRleHQQAhgEIAA,ChIJVUJZUQijAhURGKU3PUs9MzA
10,"אסף גיזום עצים וגינון, סנפלינג/ מנוף אשדוד- השפלה- המרכז",gardening,אשדוד,053-628-0878,,5,10,0,,,,none,,"שאול המלך, אשדוד",https://maps.google.com/?cid=3528407373079414293&g_mp=Cidnb29nbGUubWFwcy5wbGFjZXMudjEuUGxhY2VzLlNlYXJjaFRleHQQAhgEIAA,ChIJrcoHhgijAhURFYZEv89r9zA
10,"מ""ג שירותי ניגון ותחזוקה",gardening,אשדוד,053-627-6738,https://62388744542d5.site123.me/,5,4,0,call_to_schedule,False,False,ok,,"כל העיר, אשדוד",https://maps.google.com/?cid=3558814653074914405&g_mp=Cidnb29nbGUubWFwcy5wbGFjZXMudjEuUGxhY2VzLlNlYXJjaFRleHQQAhgEIAA,ChIJ45wprUWjAhURZTz8URJzYzE
10,המרכז לתיקוני חשמל,appliance_repair,אשדוד,08-853-3976,,2.8,23,0,,,,none,,"המסחר 60, אשדוד",https://maps.google.com/?cid=10504387719884964673&g_mp=Cidnb29nbGUubWFwcy5wbGFjZXMudjEuUGxhY2VzLlNlYXJjaFRleHQQAhgEIAA,ChIJmQCmFQmjAhURQQO4AvoUx5E
10,מנעול ובריח אשדוד,locksmith,אשדוד,08-854-4005,,4.7,22,0,,,,none,,"דב גור 23, אשדוד",https://maps.google.com/?cid=13160834045959141070&g_mp=Cidnb29nbGUubWFwcy5wbGFjZXMudjEuUGxhY2VzLlNlYXJjaFRleHQQAhgEIAA,ChIJP4LrvB2jAhURzvZC8dWspLY
10,א.א. מפתח העיר,locksmith,אשדוד,08-856-6106,https://מנעולן.co.il/manulan/08-8566106,4.6,11,0,,,,unreachable,,"העבודה 50, אשדוד",https://maps.google.com/?cid=12385092453138189420&g_mp=Cidnb29nbGUubWFwcy5wbGFjZXMudjEuUGxhY2VzLlNlYXJjaFRleHQQAhgEIAA,ChIJFdgjpkGjAhURbEysk_ev4Ks
10,נירוטק - עבודות חשמל,electrician,אשקלון,052-432-2194,,5,22,0,,,,none,,"הרצל, אשקלון",https://maps.google.com/?cid=283067685214835598&g_mp=Cidnb29nbGUubWFwcy5wbGFjZXMudjEuUGxhY2VzLlNlYXJjaFRleHQQAhgEIAA,ChIJSQDpyf6dAhURjlOfWI-o7QM
10,אהרון דן | החשמלאי שלכם,electrician,אשקלון,054-258-1025,,5,14,0,,,,none,,"אריה 14, אשקלון, 7870112",https://maps.google.com/?cid=11372672957904087149&g_mp=Cidnb29nbGUubWFwcy5wbGFjZXMudjEuUGxhY2VzLlNlYXJjaFRleHQQAhgEIAA,ChIJMfN8eASdAhURbWiQ2szZ050
10,ע. א. אנרגיה,electrician,אשקלון,052-500-8811,https://www.aienergy.co.il/,5,2,0,whatsapp_contact,False,False,ok,,"דרך ארץ 18, אשקלון",https://maps.google.com/?cid=15118332698808403779&g_mp=Cidnb29nbGUubWFwcy5wbGFjZXMudjEuUGxhY2VzLlNlYXJjaFRleHQQAhgEIAA,ChIJn7r8WJQ8hyMRQ8elPH0bz9E
10,בוחניק דודי שמש וחשמל,"electrician,solar_boilers",אשקלון,050-258-2024,https://israelbusinessguide.com/catalog/ashkelon/buhnik--solnechnye_i_elektricheskie_boylery/,5,27,0,,False,False,ok,,"דוד רמז 44, אשקלון, 7853344",https://maps.google.com/?cid=15619742874861476291&g_mp=Cidnb29nbGUubWFwcy5wbGFjZXMudjEuUGxhY2VzLlNlYXJjaFRleHQQAhgEIAA,ChIJD8SUwG2cAhURw5kOQ2N5xNg
10,אבי שערים,gates_cameras,אשקלון,050-672-3200,,4.9,17,0,,,,none,,"ביאליק 58, חדרה",https://maps.google.com/?cid=1088758735871662371&g_mp=Cidnb29nbGUubWFwcy5wbGFjZXMudjEuUGxhY2VzLlNlYXJjaFRleHQQAhgEIAA,ChIJ8wIxgp8THRURI9m7QU0MHA8
10,"י.א.י. מרכז האנרגיה בע""מ","air_conditioning,solar_boilers",אשקלון,08-675-6236,https://www.ecenter82.co.il/,4.9,26,0,,False,False,ok,,"הפנינים 19, אשקלון",https://maps.google.com/?cid=4361443680056968520&g_mp=Cidnb29nbGUubWFwcy5wbGFjZXMudjEuUGxhY2VzLlNlYXJjaFRleHQQAhgEIAA,ChIJpwBKwV6cAhURSAWrSev1hjw
10,דודי כהן -דודי שמש וחשמל,solar_boilers,אשקלון,052-276-3624,,5,23,0,,,,none,,"הרצל 118, אשקלון",https://maps.google.com/?cid=1777221406876189482&g_mp=Cidnb29nbGUubWFwcy5wbGFjZXMudjEuUGxhY2VzLlNlYXJjaFRleHQQAhgEIAA,ChIJa56osAOdAhURKkMTFHT1qRg
10,טכנאי מזגנים אשקלון יוסי שירותי מיזוג וחשמל,air_conditioning,אשקלון,050-909-3433,https://www.b144.co.il/b144_sip/businessreviews/401D0D1A4370655D4014041A4C/,5,18,0,,,,unreachable,,"בקעת רימון 13, אשקלון, 7888104",https://maps.google.com/?cid=11461709743019072309&g_mp=Cidnb29nbGUubWFwcy5wbGFjZXMudjEuUGxhY2VzLlNlYXJjaFRleHQQAhgEIAA,ChIJ54v6NZWjAhURNRtJ10gsEJ8
10,פלא אחזקות - עמית מכלוף,gardening,אשקלון,054-684-6888,,5,24,0,,,,none,,"שדרות דרום אפריקה 82, אשקלון, 7841502",https://maps.google.com/?cid=4391871316297066025&g_mp=Cidnb29nbGUubWFwcy5wbGFjZXMudjEuUGxhY2VzLlNlYXJjaFRleHQQAhgEIAA,ChIJvQ686xudAhURKSYda7EP8zw
10,טדי גינון - חנות גינון וציוד חשמל,gardening,אשקלון,08-678-8318,https://teddyginun.co.il/,4.8,19,0,,False,False,ok,,"ניל""י 5, אשקלון, 7859205",https://maps.google.com/?cid=12294458409600255774&g_mp=Cidnb29nbGUubWFwcy5wbGFjZXMudjEuUGxhY2VzLlNlYXJjaFRleHQQAhgEIAA,ChIJB3OvoQqdAhURHocJ4siwnqo
10,גן העדן הקסום - עיצוב גינות,gardening,אשקלון,054-250-0809,http://www.gankasum.co.il/,5,4,0,call_to_schedule,False,False,ok,,"המכבים 29, שדרות, 87112",https://maps.google.com/?cid=11502285780585202949&g_mp=Cidnb29nbGUubWFwcy5wbGFjZXMudjEuUGxhY2VzLlNlYXJjaFRleHQQAhgEIAA,ChIJZwHuA1mBAhURBcXOyPlToJ8
10,עסיס משתלות,gardening,אשקלון,072-240-5060,http://www.assis.co.il/,4.6,19,0,,,,unreachable,,"אזור תעשיה דרומי, החשמל, אשקלון",https://maps.google.com/?cid=12634547446065831944&g_mp=Cidnb29nbGUubWFwcy5wbGFjZXMudjEuUGxhY2VzLlNlYXJjaFRleHQQAhgEIAA,ChIJFVpoQVGcAhURCKCSJPbtVq8
10,אלקטרו-כח,gardening,אשקלון,050-528-7798,https://electro-coah.co.il/,5,3,0,whatsapp_contact,False,False,ok,,"צה""ל 3, אשקלון",https://maps.google.com/?cid=924170131814066456&g_mp=Cidnb29nbGUubWFwcy5wbGFjZXMudjEuUGxhY2VzLlNlYXJjaFRleHQQAhgEIAA,ChIJBfUPbkKcAhURGKnNotZP0ww
10,טכנו מאיר שירות למכונות כביסה ומקררים,appliance_repair,אשקלון,052-251-1144,,5,23,0,,,,none,,"גולני 48, אשקלון",https://maps.google.com/?cid=2819846768397696168&g_mp=Cidnb29nbGUubWFwcy5wbGFjZXMudjEuUGxhY2VzLlNlYXJjaFRleHQQAhgEIAA,ChIJkxUZnyCdAhURqLxgF7IbIic
10,הדר אלקטרוניקה,appliance_repair,אשקלון,08-675-0546,,4.6,14,0,,,,none,,"הרצל 12, אשקלון",https://maps.google.com/?cid=10658165248649355176&g_mp=Cidnb29nbGUubWFwcy5wbGFjZXMudjEuUGxhY2VzLlNlYXJjaFRleHQQAhgEIAA,ChIJNeXkHXCcAhURqF8oA9No6ZM
10,הדברה בראשון לציון תמר הדברה,pest_control,ראשון לציון,072-335-5681,,4.6,17,0,,,,none,,"הלפרין 7, ראשון לציון",https://maps.google.com/?cid=11511233575028280892&g_mp=Cidnb29nbGUubWFwcy5wbGFjZXMudjEuUGxhY2VzLlNlYXJjaFRleHQQAhgEIAA,ChIJdx1vI0S0AhURPE4chvIdwJ8
10,"הדברה בראשל""צ לכל סוגי החרקים | לוכד נחשים עכברים וחולדות | הרחקת יונים | הדברת טרמיטים בראשון לציון",pest_control,ראשון לציון,055-213-8305,https://easy.co.il/page/3467343,5,19,0,,,,unreachable,,"רש""י 27, ראשון לציון, 7519701",https://maps.google.com/?cid=12399173560974252326&g_mp=Cidnb29nbGUubWFwcy5wbGFjZXMudjEuUGxhY2VzLlNlYXJjaFRleHQQAhgEIAA,ChIJee1qajC1AhURJhlJ-qi2Eqw
10,עכברי העיר - מדביר מוסמך | שירותי הדברה - ראשון לציון והסביבה,pest_control,ראשון לציון,050-234-8203,https://citymice.co.il/?utm_source=gmb,4.7,29,0,,,,unreachable,,"נתן ברניצקי 22, ראשון לציון, 7523910",https://maps.google.com/?cid=15621505091085328849&g_mp=Cidnb29nbGUubWFwcy5wbGFjZXMudjEuUGxhY2VzLlNlYXJjaFRleHQQAhgEIAA,ChIJ9Yogsj20AhUR0eEYMx28ytg
10,היחידה להדברת פשפש המיטה ופרעושים [מדביר פשפשים מוסמך] - פשפשים הדברה ירוקה,pest_control,ראשון לציון,073-850-2779,https://www.pishpeshim.co.il/,5,22,0,,,,unreachable,,"דרך בן גוריון 53, בת ים, 5910001",https://maps.google.com/?cid=3240091670393007951&g_mp=Cidnb29nbGUubWFwcy5wbGFjZXMudjEuUGxhY2VzLlNlYXJjaFRleHQQAhgEIAA,ChIJlzArkSqB_6cRTy96HTUe9yw
5,הדברה באשדוד יחיאל מדביר,pest_control,אשדוד,050-999-7188,https://www.d.co.il/h-c13110-e0-p0-l0-city70/,4.4,5,0,,False,False,ok,,"IL 7734102, רמב""ם 11, אשדוד",https://maps.google.com/?cid=15413922120353120115&g_mp=Cidnb29nbGUubWFwcy5wbGFjZXMudjEuUGxhY2VzLlNlYXJjaFRleHQQAhgEIAA,ChIJu6IUjGujAhURc_8ug4BA6dU
5,הדברה באשדוד איגור מדביר,pest_control,אשדוד,052-856-9692,,5,1,0,,,,none,,"הרב ריינס 53, אשדוד, 7745265",https://maps.google.com/?cid=9314114862785606447&g_mp=Cidnb29nbGUubWFwcy5wbGFjZXMudjEuUGxhY2VzLlNlYXJjaFRleHQQAhgEIAA,ChIJs2huqY6qW2kRL7OFkR5iQoE
5,חץ הדברות,pest_control,אשדוד,054-655-5868,http://madbir.net/,5,7,0,,,,unreachable,,"הנביאים 9, גן יבנה, 7080000",https://maps.google.com/?cid=15984230433686446729&g_mp=Cidnb29nbGUubWFwcy5wbGFjZXMudjEuUGxhY2VzLlNlYXJjaFRleHQQAhgEIAA,ChIJF8AbkDq9AhURiWLeL-Rk090
5,מיה הדברות,pest_control,אשדוד,050-959-9329,,,0,0,,,,none,,"אודם 14, אשדוד",https://maps.google.com/?cid=16818020767434954873&g_mp=Cidnb29nbGUubWFwcy5wbGFjZXMudjEuUGxhY2VzLlNlYXJjaFRleHQQAhgEIAA,ChIJm3mM0uejAhUReVgaRMicZek
5,אריה אינסטלטור ושיפוצים באשדוד,plumbing,אשדוד,050-273-5525,https://www.facebook.com/profile.php?id=61554477064430,5,7,0,,False,True,ok,,"שבט לוי 10, אשדוד",https://maps.google.com/?cid=12096855405265207387&g_mp=Cidnb29nbGUubWFwcy5wbGFjZXMudjEuUGxhY2VzLlNlYXJjaFRleHQQAhgEIAA,ChIJbzzDDonemaMRW8AYMuap4Kc
5,איתור נזילות אשדוד - שירותי איתור נזילות באשדוד,plumbing,אשדוד,055-970-5056,,4.8,4,0,,,,none,,"תפוח 9, אשדוד",https://maps.google.com/?cid=8014983447702255641&g_mp=Cidnb29nbGUubWFwcy5wbGFjZXMudjEuUGxhY2VzLlNlYXJjaFRleHQQAhgEIAA,ChIJxwk_vWGiAhURGbjtAPvwOm8
5,אחד ביוב | אינסטלטור באשדוד,plumbing,אשדוד,050-524-3443,,5,1,0,,,,none,,"האלמוגים 21, אשדוד",https://maps.google.com/?cid=10624610106547177603&g_mp=Cidnb29nbGUubWFwcy5wbGFjZXMudjEuUGxhY2VzLlNlYXJjaFRleHQQAhgEIAA,ChIJofrpLrajAhURgwjFrZkycpM
5,שמחי ובניו,plumbing,אשדוד,050-660-4223,https://shmahi-vebanav.base44.app/,5,7,0,,False,False,ok,,"מאיר בעל הנס 7, אשדוד, 7712302",https://maps.google.com/?cid=14328737879613264740&g_mp=Cidnb29nbGUubWFwcy5wbGFjZXMudjEuUGxhY2VzLlNlYXJjaFRleHQQAhgEIAA,ChIJdUoHlQajAhURZFMIQi_n2cY
5,א.מ מעליות,elevators,"אשדוד,אשקלון",077-560-0370,,2.3,3,0,,,,none,,"האדמו""ר מבעלזא 7, אשדוד",https://maps.google.com/?cid=5232088838534079369&g_mp=Cidnb29nbGUubWFwcy5wbGFjZXMudjEuUGxhY2VzLlNlYXJjaFRleHQQAhgEIAA,ChIJb0gFmgijAhURiSMc7hMdnEg
5,"מלמ סחר בינלאומי בע""מ - MLM4TECH",gates_cameras,אשדוד,052-688-2121,http://mlm4tech.com/,,0,0,,False,False,ok,,"האורגים 35, אשדוד",https://maps.google.com/?cid=18378952473599983710&g_mp=Cidnb29nbGUubWFwcy5wbGFjZXMudjEuUGxhY2VzLlNlYXJjaFRleHQQAhgEIAA,ChIJBejEhAujAhURXsC2HOYnD_8
5,מישל מצלמות אבטחה,gates_cameras,אשדוד,054-493-9105,https://full-hd-1080p-98.webself.net/,,0,0,,False,False,ok,,"כנרת 45, אשדוד",https://maps.google.com/?cid=8535445055120700836&g_mp=Cidnb29nbGUubWFwcy5wbGFjZXMudjEuUGxhY2VzLlNlYXJjaFRleHQQAhgEIAA,ChIJT_D29WOiAhURpHVVDg7-c3Y
5,אור המרום דודי שמש,solar_boilers,אשדוד,052-280-5639,https://www.ashdodnet.com/%D7%90%D7%99%D7%A0%D7%93%D7%A7%D7%A1/%D7%93%D7%95%D7%93%D7%99-%D7%A9%D7%9E%D7%A9-%D7%95%D7%97%D7%A9%D7%9E%D7%9C/%D7%90%D7%95%D7%A8-%D7%94%D7%9E%D7%A8%D7%95%D7%9D-%D7%A1%D7%A8%D7%95%D7%A1%D7%99-%D7%A2%D7%95%D7%96%D7%99-%D7%95%D7%A7%D7%9C%D7%95%D7%93,4.5,2,0,,False,False,ok,,"העבודה 7, אשדוד",https://maps.google.com/?cid=17238529527572557130&g_mp=Cidnb29nbGUubWFwcy5wbGFjZXMudjEuUGxhY2VzLlNlYXJjaFRleHQQAhgEIAA,ChIJpQt_qlyjAhURSm0LjUWPO-8
5,יקיר מיזוג אויר,air_conditioning,אשדוד,052-957-1149,https://www.facebook.com/%D7%99%D7%A7%D7%99%D7%A8-%D7%9E%D7%99%D7%96%D7%95%D7%92-%D7%90%D7%95%D7%95%D7%99%D7%A8-%D7%90%D7%A9%D7%93%D7%95%D7%93-285216978825827/,5,6,0,,False,True,ok,,"ניסן, אשדוד",https://maps.google.com/?cid=13204529426558513906&g_mp=Cidnb29nbGUubWFwcy5wbGFjZXMudjEuUGxhY2VzLlNlYXJjaFRleHQQAhgEIAA,ChIJM28Pa1WjAhUR8nI2iI3pP7c
5,קירור טק אשדוד,air_conditioning,אשדוד,053-923-0908,,5,5,0,,,,none,,"העמל 1, אשדוד",https://maps.google.com/?cid=11416399139625747140&g_mp=Cidnb29nbGUubWFwcy5wbGFjZXMudjEuUGxhY2VzLlNlYXJjaFRleHQQAhgEIAA,ChIJV1iI75D6rSMRxMJ344cyb54
5,אריאל מיזוג אוויר,air_conditioning,אשדוד,050-626-8800,https://www.b144.co.il/B144_sip/4A1404134470655D4C14021142786D5D49.aspx,5,3,0,,,,unreachable,,"נחל שניר 21, אשדוד",https://maps.google.com/?cid=7603179870812643784&g_mp=Cidnb29nbGUubWFwcy5wbGFjZXMudjEuUGxhY2VzLlNlYXJjaFRleHQQAhgEIAA,ChIJjx-Z7p-jAhURyCEwI8_rg2k
5,מיזוג העיר אשדוד,air_conditioning,אשדוד,050-218-6644,,,0,0,,,,none,,"אחד העם 20, אשדוד",https://maps.google.com/?cid=13285511473059002773&g_mp=Cidnb29nbGUubWFwcy5wbGFjZXMudjEuUGxhY2VzLlNlYXJjaFRleHQQAhgEIAA,ChIJWUxSJtdJHRURlfkOi0ueX7g
5,חברת ניקיון באשדוד - שירותי ניקיון בתים לפני כניסה / דירות אחרי שיפוץ,cleaning,אשדוד,050-261-1817,,2.3,4,0,,,,none,,"כנרת 75, אשדוד, 7770075",https://maps.google.com/?cid=7172808098699554131&g_mp=Cidnb29nbGUubWFwcy5wbGFjZXMudjEuUGxhY2VzLlNlYXJjaFRleHQQAhgEIAA,ChIJvQ63I1ejAhURUy0IbfbuimM
5,"אורן גננות בע""מ",gardening,אשדוד,08-856-1880,,4.4,9,0,,,,none,,"העמל 40, אשדוד",https://maps.google.com/?cid=15507242800095501706&g_mp=Cidnb29nbGUubWFwcy5wbGFjZXMudjEuUGxhY2VzLlNlYXJjaFRleHQQAhgEIAA,ChIJjxSZ8ECjAhURih1tcSrLNNc
5,גינון נוף (אשדוד) flower power,gardening,אשדוד,052-727-7344,,5,1,0,,,,none,,"אליהו הנביא, אשדוד",https://maps.google.com/?cid=14692680765397602946&g_mp=Cidnb29nbGUubWFwcy5wbGFjZXMudjEuUGxhY2VzLlNlYXJjaFRleHQQAhgEIAA,ChIJfwfwnhKjAhURghK9m0_j5ss
5,טכנו רועי תיקון מוצרי חשמל,appliance_repair,אשדוד,053-457-0801,,5,1,0,,,,none,,"הרב שאול אבן דנן 9, אשדוד",https://maps.google.com/?cid=337673248182985623&g_mp=Cidnb29nbGUubWFwcy5wbGFjZXMudjEuUGxhY2VzLlNlYXJjaFRleHQQAhgEIAA,ChIJV8r-T_yjAhURl2MZuAeorwQ
5,אדרי מנעולים - מנעולן באשדוד,locksmith,אשדוד,054-264-7374,http://www.manulan-israel.co.il/,5,5,0,,False,False,ok,,"הגדוד העברי, אשדוד, 7745401",https://maps.google.com/?cid=141291105518100168&g_mp=Cidnb29nbGUubWFwcy5wbGFjZXMudjEuUGxhY2VzLlNlYXJjaFRleHQQAhgEIAA,ChIJhS6vT-KiAhURyB5UCoP39QE
5,ירון מנעולים מנעולן באשדוד,locksmith,אשדוד,050-572-4916,,5,4,0,,,,none,,"קק""ל 21, אשדוד, 7746605",https://maps.google.com/?cid=12404902962918551341&g_mp=Cidnb29nbGUubWFwcy5wbGFjZXMudjEuUGxhY2VzLlNlYXJjaFRleHQQAhgEIAA,ChIJXe4RTxGjAhURLW_zUYURJ6w
5,מנעולן רכב באשדוד כפיר מנעולים לרכב,locksmith,אשדוד,053-400-0870,,3.7,3,0,,,,none,,אשדוד,https://maps.google.com/?cid=14352654778277823497&g_mp=Cidnb29nbGUubWFwcy5wbGFjZXMudjEuUGxhY2VzLlNlYXJjaFRleHQQAhgEIAA,ChIJJWemT-KiAhURCQQQK3rfLsc
5,מנעול ובריח מתנה שלום,locksmith,אשדוד,,,4.5,4,0,,,,none,,"דב גור 23, אשדוד",https://maps.google.com/?cid=11428445960840920789&g_mp=Cidnb29nbGUubWFwcy5wbGFjZXMudjEuUGxhY2VzLlNlYXJjaFRleHQQAhgEIAA,ChIJB59wER2jAhUR1b6rBg3_mZ4
5,מוביל מומלץ באשדוד,movers,אשדוד,053-432-0795,https://firstpageman.wixsite.com/movitt,5,4,0,,False,False,ok,,"אח""י אילת 22, אשדוד, 7728610",https://maps.google.com/?cid=16286981164303571555&g_mp=Cidnb29nbGUubWFwcy5wbGFjZXMudjEuUGxhY2VzLlNlYXJjaFRleHQQAhgEIAA,ChIJwSrfjXejAhURY9rKqRP7BuI
5,I.R moving הובלות אשדוד שירות בכל חלקי הארץ,movers,אשדוד,054-432-7763,,5,6,0,,,,none,,"חזקיה המלך 37, אשדוד, 7749337",https://maps.google.com/?cid=16477679787171100924&g_mp=Cidnb29nbGUubWFwcy5wbGFjZXMudjEuUGxhY2VzLlNlYXJjaFRleHQQAhgEIAA,ChIJSZkjQ1f2USYR_Lj3xHZ6rOQ
5,הובלות קטנות אשדוד ים (ויטלי הובלות),movers,אשדוד,054-555-8834,,5,5,0,,,,none,,"העמל, אשדוד",https://maps.google.com/?cid=18162892966734982840&g_mp=Cidnb29nbGUubWFwcy5wbGFjZXMudjEuUGxhY2VzLlNlYXJjaFRleHQQAhgEIAA,ChIJET6NeRU6tWERuO6tD-yOD_w
5,מנוף הובלה אשדוד והסביבה,movers,אשדוד,052-772-0759,,5,1,0,,,,none,,"תמוז 7, אשדוד, 7775107",https://maps.google.com/?cid=16125839810259663566&g_mp=Cidnb29nbGUubWFwcy5wbGFjZXMudjEuUGxhY2VzLlNlYXJjaFRleHQQAhgEIAA,ChIJo-rQc_ijAhURzjphe959yt8
5,איב הובלות | הובלות דירה ומשרד-הובלה קטנה וגדולה,movers,אשדוד,054-204-6678,,5,1,0,,,,none,,"חזקיה המלך 35, אשדוד, 7749335",https://maps.google.com/?cid=2912918472348558257&g_mp=Cidnb29nbGUubWFwcy5wbGFjZXMudjEuUGxhY2VzLlNlYXJjaFRleHQQAhgEIAA,ChIJx52us56jAhURsWMC1OrDbCg
5,"מכולנוע תובלה בע""מ",movers,אשדוד,08-856-7568,,4.9,7,0,,,,none,,"‎פארק נמלי ישראל‎, אשדוד",https://maps.google.com/?cid=7673555192369422703&g_mp=Cidnb29nbGUubWFwcy5wbGFjZXMudjEuUGxhY2VzLlNlYXJjaFRleHQQAhgEIAA,ChIJo1zZIGWjAhURb6GIjcrxfWo
5,שחם-גיא הובלות ומנופים,movers,אשדוד,08-622-1920,,5,2,0,,,,none,,"ההדרים 14, אשדוד",https://maps.google.com/?cid=2838102621597913887&g_mp=Cidnb29nbGUubWFwcy5wbGFjZXMudjEuUGxhY2VzLlNlYXJjaFRleHQQAhgEIAA,ChIJreyyv3SjAhURH9NyJEz3Yic
5,הרחקת יונים באשקלון יוחאי הדברה,pest_control,אשקלון,050-999-5250,https://www.d.co.il/h-c13110-e0-p0-l0-city7100/,,0,0,,False,False,ok,,"הרב נורוק 7, אשקלון, 7835510",https://maps.google.com/?cid=14186997788224492313&g_mp=Cidnb29nbGUubWFwcy5wbGFjZXMudjEuUGxhY2VzLlNlYXJjaFRleHQQAhgEIAA,ChIJ3U_rJ26cAhURGZNfjFJX4sQ
5,"שוורץ הדברה בע""מ",pest_control,אשקלון,077-770-7991,,4.7,3,0,,,,none,,"ברקת 8, אשקלון",https://maps.google.com/?cid=547145738339873195&g_mp=Cidnb29nbGUubWFwcy5wbGFjZXMudjEuUGxhY2VzLlNlYXJjaFRleHQQAhgEIAA,ChIJI-HiciScAhURq_Edbibalwc
5,י.אמנו אינסטלטור אמין באשקלון,plumbing,אשקלון,050-588-8688,,5,6,0,,,,none,,"ענבר 14/2, אשקלון",https://maps.google.com/?cid=11601234812354218050&g_mp=Cidnb29nbGUubWFwcy5wbGFjZXMudjEuUGxhY2VzLlNlYXJjaFRleHQQAhgEIAA,ChIJdzgJ_TqdAhURQshEipjd_6A
5,מגוז יוסף,plumbing,אשקלון,052-271-1114,,5,7,0,,,,none,,"1310 3, אשקלון",https://maps.google.com/?cid=10266760841182995075&g_mp=Cidnb29nbGUubWFwcy5wbGFjZXMudjEuUGxhY2VzLlNlYXJjaFRleHQQAhgEIAA,ChIJtYwNX2CcAhURg2Ka5Jbceo4
5,"מי זהב"" עבודות אינסטלציה וביוב בע""מ",plumbing,אשקלון,050-259-6988,,5,1,0,,,,none,,"א.ת. הצפוני, אשקלון",https://maps.google.com/?cid=14651083262911494401&g_mp=Cidnb29nbGUubWFwcy5wbGFjZXMudjEuUGxhY2VzLlNlYXJjaFRleHQQAhgEIAA,ChIJBfUPbkKcAhURAbmCVJoaU8s
5,חשמלאי באשקלון אלימלך חשמלאי,electrician,אשקלון,072-397-0228,https://www.d.co.il/h-c%D7%97%D7%A9%D7%9E%D7%9C%D7%90%D7%99%D7%9D-e0-p0-l0-city7100/,4.4,7,0,,False,False,ok,,"מחניים 4, אשקלון",https://maps.google.com/?cid=11870774044789961787&g_mp=Cidnb29nbGUubWFwcy5wbGFjZXMudjEuUGxhY2VzLlNlYXJjaFRleHQQAhgEIAA,ChIJIx8f0HGcAhURO_ShhBl2vaQ
5,חשמלאי רוני,electrician,אשקלון,050-911-1040,,,0,0,,,,none,,"סיני 3, אשקלון",https://maps.google.com/?cid=15996936385967859614&g_mp=Cidnb29nbGUubWFwcy5wbGFjZXMudjEuUGxhY2VzLlNlYXJjaFRleHQQAhgEIAA,ChIJvTzZj6GdAhURnqciPOOIAN4
5,גל החשמל ביצוע עבודות חשמל,electrician,אשקלון,053-755-7047,,5,4,0,,,,none,,"מישאל 1, אשקלון",https://maps.google.com/?cid=10866797428060854567&g_mp=Cidnb29nbGUubWFwcy5wbGFjZXMudjEuUGxhY2VzLlNlYXJjaFRleHQQAhgEIAA,ChIJGRj2ML2dAhURJxmyoa-ezpY
5,מ.מ. עבודות חשמל ואבטחה,electrician,אשקלון,054-672-9241,,5,2,0,,,,none,,"צלפחד 3, אשקלון",https://maps.google.com/?cid=16793197405183522773&g_mp=Cidnb29nbGUubWFwcy5wbGFjZXMudjEuUGxhY2VzLlNlYXJjaFRleHQQAhgEIAA,ChIJD0BHrg6dAhUR1bf52hBsDek
5,מתקין מצלמות אבטחה באשקלון,gates_cameras,אשקלון,054-786-9545,,4.4,5,0,,,,none,,"עולי הגרדום 22/8, אשקלון",https://maps.google.com/?cid=3060380064951268180&g_mp=Cidnb29nbGUubWFwcy5wbGFjZXMudjEuUGxhY2VzLlNlYXJjaFRleHQQAhgEIAA,ChIJzYs5mOKcAhURVHMbWXSneCo
5,תיקון דודי שמש באשקלון יד זהב דודי שמש וחשמל,solar_boilers,אשקלון,052-253-8003,,5,2,0,,,,none,,אשקלון,https://maps.google.com/?cid=18109715731096860678&g_mp=Cidnb29nbGUubWFwcy5wbGFjZXMudjEuUGxhY2VzLlNlYXJjaFRleHQQAhgEIAA,ChIJRcrpkgSdAhURBvhUD4KiUvs
5,אור השמש,solar_boilers,אשקלון,072-325-0040,https://www.d.co.il/80345213/11930/,4.5,8,0,,False,False,ok,,"דוד רמז 21, אשקלון, 7853321",https://maps.google.com/?cid=13265421518147397448&g_mp=Cidnb29nbGUubWFwcy5wbGFjZXMudjEuUGxhY2VzLlNlYXJjaFRleHQQAhgEIAA,ChIJdWSVT8GdAhURSKf_aJY-GLg
5,תפארת השמש,solar_boilers,אשקלון,08-675-2845,,3.4,5,0,,,,none,,"הרצל 1, אשקלון",https://maps.google.com/?cid=11206152425551990867&g_mp=Cidnb29nbGUubWFwcy5wbGFjZXMudjEuUGxhY2VzLlNlYXJjaFRleHQQAhgEIAA,ChIJMa9Ub_2DAhURU5DoH0JAhJs
5,קרן שמש,solar_boilers,אשקלון,08-675-1349,,5,1,0,,,,none,,"אזור תעשיה דרומי, אשקלון",https://maps.google.com/?cid=12516118235782721472&g_mp=Cidnb29nbGUubWFwcy5wbGFjZXMudjEuUGxhY2VzLlNlYXJjaFRleHQQAhgEIAA,ChIJBfUPbkKcAhURwC-e4jgvsq0
5,תפארת השמש דודי שמש וחשמל,solar_boilers,אשקלון,08-675-2845,https://www.facebook.com/tiferethashemesh/,,0,0,,False,True,ok,,"ניל""י 2, אשקלון, 7859202",https://maps.google.com/?cid=12442779503205937948&g_mp=Cidnb29nbGUubWFwcy5wbGFjZXMudjEuUGxhY2VzLlNlYXJjaFRleHQQAhgEIAA,ChIJV5XM5dqdAhURHPMZkwiiraw
5,איי-קור,air_conditioning,אשקלון,054-727-3677,,5,1,0,,,,none,,"שפירא 1/7, אשקלון, 7830531",https://maps.google.com/?cid=13159610178833366988&g_mp=Cidnb29nbGUubWFwcy5wbGFjZXMudjEuUGxhY2VzLlNlYXJjaFRleHQQAhgEIAA,ChIJp7nUIXadAhURzD_6K7xToLY
5,התקנת מזגנים אשקלון - רועי,air_conditioning,אשקלון,054-597-2885,,,0,0,,,,none,,"אשקלון, 7928900",https://maps.google.com/?cid=243784699649502120&g_mp=Cidnb29nbGUubWFwcy5wbGFjZXMudjEuUGxhY2VzLlNlYXJjaFRleHQQAhgEIAA,ChIJl7Aq5JedAhURqKtIiOQYYgM
5,טכנאי מזגנים באשקלון,air_conditioning,אשקלון,052-390-6273,,3,1,0,,,,none,,"מחניים 3, אשקלון",https://maps.google.com/?cid=17972861810057558733&g_mp=Cidnb29nbGUubWFwcy5wbGFjZXMudjEuUGxhY2VzLlNlYXJjaFRleHQQAhgEIAA,ChIJjRjgjlGcAhURzTqqiZdubPk
5,שוהם ניהול כח אדם וניקיון,cleaning,אשקלון,08-675-0008,,5,1,0,,,,none,,"צומת סילבר מיתחם פאואר סנטר, כביש 4, אשקלון",https://maps.google.com/?cid=5230095785435702980&g_mp=Cidnb29nbGUubWFwcy5wbGFjZXMudjEuUGxhY2VzLlNlYXJjaFRleHQQAhgEIAA,ChIJBfOOOHqbAhURxKYpGGgIlUg
5,גנן באשקלון,gardening,אשקלון,055-994-4148,,5,3,0,,,,none,,"צה""ל 1, אשקלון, 7859401",https://maps.google.com/?cid=7139752988055425598&g_mp=Cidnb29nbGUubWFwcy5wbGFjZXMudjEuUGxhY2VzLlNlYXJjaFRleHQQAhgEIAA,ChIJIxy1v7qbAhURPtITvYN_FWM
5,א.ש כלי גינון,gardening,אשקלון,052-789-2149,,,0,0,,,,none,,"שדרות התעשייה 12, אשקלון",https://maps.google.com/?cid=5963637674416123875&g_mp=Cidnb29nbGUubWFwcy5wbGFjZXMudjEuUGxhY2VzLlNlYXJjaFRleHQQAhgEIAA,ChIJQwrl5fubAhUR46-1QN4Yw1I
5,קסם של גינה,gardening,אשקלון,053-332-3285,,5,2,0,,,,none,,"הצנחנים, אשקלון",https://maps.google.com/?cid=160915496970719847&g_mp=Cidnb29nbGUubWFwcy5wbGFjZXMudjEuUGxhY2VzLlNlYXJjaFRleHQQAhgEIAA,ChIJRe1QCzecAhURZ5LLu8qvOwI
5,מנעולן בזמן אשקלון,locksmith,אשקלון,050-338-3339,http://www.locksmithonetime.022.co.il/,4.5,4,0,,,,unreachable,,"ביכורי ענבים 53, אשקלון",https://maps.google.com/?cid=10779439775678215726&g_mp=Cidnb29nbGUubWFwcy5wbGFjZXMudjEuUGxhY2VzLlNlYXJjaFRleHQQAhgEIAA,ChIJp3t5oB2cAhURLjYEM11DmJU
5,המנעולן מברכיה,locksmith,אשקלון,054-957-5909,https://easy.co.il/page/10068837,5,8,0,,,,unreachable,,"מתחם גלובוס סנטר, צומת, מבקיעים",https://maps.google.com/?cid=10574972793256990111&g_mp=Cidnb29nbGUubWFwcy5wbGFjZXMudjEuUGxhY2VzLlNlYXJjaFRleHQQAhgEIAA,ChIJ9VSD3GCbAhURn9WAE7rZwZI
5,הובלות באשקלון סופה הובלות,movers,אשקלון,050-999-5038,,5,5,0,,,,none,,"אלי כהן 30, אשקלון, 7830632",https://maps.google.com/?cid=11927369014095089004&g_mp=Cidnb29nbGUubWFwcy5wbGFjZXMudjEuUGxhY2VzLlNlYXJjaFRleHQQAhgEIAA,ChIJW4ufClGcAhURbI0jpuyGhqU
5,הובלות קטנות באשקלון-הובלות דודו- אשדוד קרית גת והסביבה,movers,אשקלון,052-814-6022,,,0,0,,,,none,,"יפה נוף 23, אשקלון",https://maps.google.com/?cid=9255796609616203982&g_mp=Cidnb29nbGUubWFwcy5wbGFjZXMudjEuUGxhY2VzLlNlYXJjaFRleHQQAhgEIAA,ChIJyZpa9gSdAhURzlBwJfoxc4A
5,הובלות לינקס,movers,אשקלון,052-222-2417,http://www.lynxovalot.co.il/,5,6,0,,,,unreachable,,"מעלה הגת, אשקלון",https://maps.google.com/?cid=12094242602727932728&g_mp=Cidnb29nbGUubWFwcy5wbGFjZXMudjEuUGxhY2VzLlNlYXJjaFRleHQQAhgEIAA,ChIJIzLSVB2dAhUROIP-spFh16c
5,שייך לענהאל סניף אשקלון,movers,אשקלון,052-555-6980,,5,1,0,,,,none,,"עזרא יסודי, אשקלון",https://maps.google.com/?cid=12012584601515515668&g_mp=Cidnb29nbGUubWFwcy5wbGFjZXMudjEuUGxhY2VzLlNlYXJjaFRleHQQAhgEIAA,ChIJZ88S_oSbAhURFN-otwxGtaY
5,"א.ל.נ מנופים בע""מ",movers,אשקלון,054-993-8882,https://www.d.co.il/80297694/14625/,5,1,0,,False,False,ok,,"שדרות עמק יזרעאל 44, אשקלון",https://maps.google.com/?cid=11677708021188873077&g_mp=Cidnb29nbGUubWFwcy5wbGFjZXMudjEuUGxhY2VzLlNlYXJjaFRleHQQAhgEIAA,ChIJUXRRGnGdAhURdUux-ZKND6I
5,מובילי ויקטורי הובלות דירות ואחסנה,movers,אשקלון,050-510-2575,,2,4,0,,,,none,,"אלי כהן 37, אשקלון, 7872102",https://maps.google.com/?cid=1091820870033521640&g_mp=Cidnb29nbGUubWFwcy5wbGFjZXMudjEuUGxhY2VzLlNlYXJjaFRleHQQAhgEIAA,ChIJvTuUwmucAhUR6Lu07EvtJg8
5,קוטל מזיקים ראשון,pest_control,ראשון לציון,1-800-202-230,http://www.kotelrishon.co.il/,4.5,4,0,,False,False,ok,,"הרצל 22, ראשון לציון",https://maps.google.com/?cid=17538376743678774707&g_mp=Cidnb29nbGUubWFwcy5wbGFjZXMudjEuUGxhY2VzLlNlYXJjaFRleHQQAhgEIAA,ChIJxeKwt0W0AhURsw3y37nUZPM
5,שגיב הדברת מזיקים,pest_control,ראשון לציון,054-634-1630,https://www.facebook.com/%D7%A9%D7%92%D7%99%D7%91-%D7%94%D7%93%D7%91%D7%A8%D7%95%D7%AA-%D7%9E%D7%96%D7%99%D7%A7%D7%99%D7%9D-101354948120718/?modal=admin_todo_tour,5,4,0,,False,True,ok,,"רוטשילד 91, ראשון לציון",https://maps.google.com/?cid=14758445419360924938&g_mp=Cidnb29nbGUubWFwcy5wbGFjZXMudjEuUGxhY2VzLlNlYXJjaFRleHQQAhgEIAA,ChIJKTqbxX5LHRURCrX_UeqH0Mw
5,ציונית הדברות ראשון לציון,pest_control,ראשון לציון,053-450-7005,,,0,0,,,,none,,"חיים לנדאו 3, ראשון לציון, 7570103",https://maps.google.com/?cid=13178143598079747802&g_mp=Cidnb29nbGUubWFwcy5wbGFjZXMudjEuUGxhY2VzLlNlYXJjaFRleHQQAhgEIAA,ChIJmSJWOlSzAhUR2qahGsgr4rY
